iata,name,city,country,country_code,lat,lng
AAA,Anaa Airport,Anaa,French Polynesia,PF,-17.3526,-145.51
AAC,El Arish International Airport,El Arish,Egypt,EG,31.0553,33.828
AAE,Annaba Rabah Bitat Airport,Annaba,Algeria,DZ,36.8268,7.81334
AAL,Aalborg Airport,Aalborg,Denmark,DK,57.0948,9.84993
AAN,Al Ain International Airport,Al Ain,United Arab Emirates,AE,24.2617,55.6092
AAP,Aji Pangeran Tumenggung Pranoto International Airport,Samarinda,Indonesia,ID,-0.374478,117.25
AAQ,Anapa Vityazevo Airport,Krasnyi Kurgan,Russia,RU,45.0021,37.3473
AAR,Aarhus Airport,Aarhus,Denmark,DK,56.3033,10.6183
AAT,Altay Xuedu Airport,Altay,China,CN,47.7499,88.0858
AAX,Romeu Zema Airport,Araxá,Brazil,BR,-19.5632,-46.9604
AAY,Al Ghaydah International Airport,Al Ghaydah,Yemen,YE,16.1933,52.1742
ABA,Abakan International Airport,Abakan,Russia,RU,53.74,91.385
ABB,Asaba International Airport,Asaba,Nigeria,NG,6.20417,6.66528
ABD,Abadan Ayatollah Jami International Airport,Abadan,Iran,IR,30.3679,48.2301
ABE,Lehigh Valley International Airport,Allentown/Bethlehem,United States,US,40.6518,-75.4428
ABI,Abilene Regional Airport,Abilene,United States,US,32.4113,-99.6819
ABJ,Félix-Houphouët-Boigny International Airport,Abidjan,Côte d'Ivoire,CI,5.26139,-3.92629
ABK,Kebri Dahar Airport,Kebri Dahar,Ethiopia,ET,6.73258,44.2413
ABL,Ambler Airport,Ambler,United States,US,67.1055,-157.855
ABQ,Albuquerque International Sunport,Albuquerque,United States,US,35.04,-106.609
ABR,Aberdeen Regional Airport,Aberdeen,United States,US,45.4491,-98.4218
ABS,Abu Simbel Airport,Abu Simbel,Egypt,EG,22.3759,31.6117
ABT,King Saud Bin Abdulaziz (Al Baha) Airport,Al-Baha,Saudi Arabia,SA,20.2985,41.6362
ABV,Nnamdi Azikiwe International Airport,Abuja,Nigeria,NG,9.00679,7.26317
ABX,Albury Airport,East Albury,Australia,AU,-36.0668,146.959
ABY,Southwest Georgia Regional Airport,Albany,United States,US,31.5329,-84.1962
ABZ,Aberdeen International Airport,Aberdeen,United Kingdom,GB,57.2019,-2.19778
ACA,General Juan N. Álvarez International Airport,Acapulco,Mexico,MX,16.7571,-99.7531
ACC,Kotoka International Airport,Accra,Ghana,GH,5.60519,-0.166786
ACE,César Manrique-Lanzarote Airport,San Bartolomé,Spain,ES,28.9455,-13.6052
ACH,Sankt Gallen Altenrhein Airport,St. Gallen,Switzerland,CH,47.485,9.56077
ACI,Alderney Airport,Saint Anne,Guernsey,GG,49.7061,-2.21472
ACK,Nantucket Memorial Airport,Nantucket,United States,US,41.2531,-70.0602
ACT,Waco Regional Airport,Waco,United States,US,31.6113,-97.2305
ACV,California Redwood Coast-Humboldt County Airport,Arcata/Eureka,United States,US,40.9781,-124.109
ACX,Xingyi Wanfenglin Airport,Xingyi,China,CN,25.0834,104.961
ACY,Atlantic City International Airport,Atlantic City,United States,US,39.4562,-74.5775
ADB,Adnan Menderes International Airport,Gaziemir,Turkey,TR,38.2924,27.157
ADD,Addis Ababa Bole International Airport,Addis Ababa,Ethiopia,ET,8.97789,38.7993
ADE,Aden International Airport,Aden,Yemen,YE,12.8296,45.03
ADF,Adıyaman Airport,Adıyaman,Turkey,TR,37.7314,38.4689
ADJ,Marka International (Amman Civil) Airport,Amman,Jordan,JO,31.9727,35.9916
ADK,Adak Airport,Adak,United States,US,51.8836,-176.643
ADL,Adelaide International Airport,Adelaide,Australia,AU,-34.9475,138.533
ADQ,Kodiak Airport,Kodiak,United States,US,57.75,-152.494
ADU,Ardabil Airport,Ardabil,Iran,IR,38.3257,48.4244
ADZ,Gustavo Rojas Pinilla International Airport,San Andrés,Colombia,CO,12.5836,-81.7112
AEB,Baise (Bose) Bama Airport,Baise (Tianyang),China,CN,23.7206,106.96
AEP,Aeroparque Jorge Newbery,Buenos Aires,Argentina,AR,-34.5594,-58.4155
AER,Sochi International Airport,Sochi,Russia,RU,43.4499,39.9566
AES,Ålesund Airport,Ålesund,Norway,NO,62.5604,6.11085
AEU,Abu Musa Island Airport,Abu Musa,Iran,IR,25.8757,55.033
AEX,Alexandria International Airport,Alexandria,United States,US,31.3258,-92.5467
AEY,Akureyri International Airport,Akureyri,Iceland,IS,65.6566,-18.072
AFA,Suboficial Ay Santiago Germano Airport,San Rafael,Argentina,AR,-34.5883,-68.4039
AFL,Piloto Osvaldo Marques Dias Airport,Alta Floresta,Brazil,BR,-9.86639,-56.1063
AFZ,Sabzevar National Airport,Sabzevar,Iran,IR,36.1681,57.5952
AGA,Al Massira Airport,Agadir (Temsia),Morocco,MA,30.3225,-9.412
AGH,Ängelholm-Helsingborg Airport,Ängelholm,Sweden,SE,56.2961,12.8471
AGP,Málaga-Costa del Sol Airport,Málaga,Spain,ES,36.6749,-4.49911
AGR,Agra Airport / Agra Air Force Station,Agra,India,IN,27.158,77.961
AGS,Augusta Regional At Bush Field,Augusta,United States,US,33.3699,-81.9645
AGT,Guaraní International Airport,Ciudad del Este,Paraguay,PY,-25.4572,-54.8395
AGU,Aguascalientes International Airport,Aguascalientes,Mexico,MX,21.6996,-102.318
AGX,Agatti Airport,Agatti,India,IN,10.8237,72.176
AHA,Maa Mahamaya Airport,Ambikapur,India,IN,22.9875,83.1961
AHB,Abha International Airport,Abha,Saudi Arabia,SA,18.2404,42.6566
AHE,Ahe Airport,Ahe Atoll,French Polynesia,PF,-14.4281,-146.257
AHO,Alghero-Fertilia Airport,Alghero,Italy,IT,40.6321,8.29077
AHU,Cherif Al Idrissi Airport,Al Hoceima,Morocco,MA,35.1771,-3.83952
AIA,Alliance Municipal Airport,Alliance,United States,US,42.0525,-102.804
AIN,Wainwright Airport,Wainwright,United States,US,70.638,-159.995
AJA,Ajaccio Napoléon Bonaparte airport,Ajaccio,France,FR,41.9236,8.80292
AJF,Al-Jawf International Airport,Al-Jawf,Saudi Arabia,SA,29.7833,40.1009
AJI,Ağrı Airport,Ağrı,Turkey,TR,39.6556,43.0257
AJL,Lengpui Airport,Aizawl (Lengpui),India,IN,23.8406,92.6197
AJN,Ouani Airport,Ouani,Comoros,KM,-12.131,44.43
AJR,Arvidsjaur Airport,Arvidsjaur,Sweden,SE,65.5903,19.2819
AJU,Aracaju - Santa Maria Airport,Aracaju,Brazil,BR,-10.9839,-37.0729
AKF,Kufra Airport,Kufra,Libya,LY,24.1787,23.314
AKJ,Asahikawa Airport,Higashikagura,Japan,JP,43.6708,142.447
AKL,Auckland International Airport,Auckland,New Zealand,NZ,-37.012,174.786
AKN,King Salmon Airport,King Salmon,United States,US,58.6778,-156.652
AKP,Anaktuvuk Pass Airport,Anaktuvuk Pass,United States,US,68.1336,-151.743
AKR,Akure Airport,Akure,Nigeria,NG,7.24674,5.30101
AKU,Aksu Hongqipo Airport,Aksu (Onsu),China,CN,41.2625,80.2917
AKX,Aktobe International Airport,Aktobe,Kazakhstan,KZ,50.2481,57.2041
AKY,Sittwe Airport,Sittwe,Myanmar,MM,20.1332,92.8707
ALA,Almaty International Airport,Almaty,Kazakhstan,KZ,43.3543,77.0428
ALB,Albany International Airport,Albany,United States,US,42.7483,-73.8017
ALC,Alicante-Elche Miguel Hernández Airport,Alicante,Spain,ES,38.2822,-0.558156
ALF,Alta Airport,Alta,Norway,NO,69.9761,23.3717
ALG,Houari Boumediene Airport,Algiers,Algeria,DZ,36.6939,3.21453
ALH,Albany Airport,Albany,Australia,AU,-34.9433,117.809
ALO,Waterloo Regional Airport,Waterloo,United States,US,42.5571,-92.4003
ALP,Aleppo International Airport,Aleppo,Syria,SY,36.1813,37.2269
ALS,San Luis Valley Regional Airport/Bergman Field,Alamosa,United States,US,37.4349,-105.867
ALW,Walla Walla Regional Airport,Walla Walla,United States,US,46.0949,-118.288
AMA,Rick Husband Amarillo International Airport,Amarillo,United States,US,35.2179,-101.706
AMD,Sardar Vallabh Patel International Airport,Ahmedabad,India,IN,23.0772,72.6347
AMH,Arba Minch Airport,Arba Minch,Ethiopia,ET,6.03939,37.5905
AMM,Queen Alia International Airport,Amman,Jordan,JO,31.7226,35.9932
AMQ,Pattimura International Airport,Ambon,Indonesia,ID,-3.71026,128.089
AMS,Amsterdam Airport Schiphol,Amsterdam,Netherlands,NL,52.3086,4.76389
AMV,Amderma Airport,Amderma,Russia,RU,69.7633,61.5564
ANC,Ted Stevens Anchorage International Airport,Anchorage,United States,US,61.179,-149.993
ANF,Andrés Sabella Gálvez International Airport,Antofagasta,Chile,CL,-23.4453,-70.4452
ANI,Aniak Airport,Aniak,United States,US,61.5816,-159.543
ANR,Antwerp International Airport (Deurne),Antwerp,Belgium,BE,51.1907,4.46315
ANU,V. C. Bird International Airport,Osbourn,Antigua and Barbuda,AG,17.1367,-61.7927
ANV,Anvik Airport,Anvik,United States,US,62.6467,-160.191
ANX,"Andøya Airport, Andenes",Andenes,Norway,NO,69.2952,16.1394
AOE,Hasan Polatkan Airport,Eskişehir,Turkey,TR,39.8116,30.5193
AOG,Anshan Teng'ao Airport / Anshan Air Base,Anshan,China,CN,41.1053,122.854
AOI,Marche Airport,Falconara Marittima (AN),Italy,IT,43.6163,13.3623
AOJ,Aomori Airport,Aomori,Japan,JP,40.7338,140.689
AOK,Karpathos Airport,Karpathos Island,Greece,GR,35.4214,27.146
AOO,Altoona Blair County Airport,Altoona,United States,US,40.2964,-78.32
AOR,Sultan Abdul Halim Airport,Alor Satar,Malaysia,MY,6.18967,100.398
APL,Nampula Airport,Nampula,Mozambique,MZ,-15.1056,39.2818
APN,Alpena County Regional Airport,Alpena,United States,US,45.0781,-83.5603
APO,Antonio Roldán Betancur Airport,Carepa,Colombia,CO,7.81196,-76.7164
APW,Faleolo International Airport,Apia,Samoa,WS,-13.83,-172.008
AQA,Araraquara Airport,Araraquara,Brazil,BR,-21.812,-48.133
AQG,Anqing Tianzhushan Airport / Anqing North Air Base,Anqing,China,CN,30.5822,117.05
AQI,Qaisumah–Hafar Al-Batin International Airport,Qaisumah,Saudi Arabia,SA,28.3357,46.1271
AQJ,King Hussein International Airport,Aqaba,Jordan,JO,29.6116,35.0181
AQP,Rodríguez Ballón International Airport,Arequipa,Peru,PE,-16.3408,-71.5695
ARC,Arctic Village Airport,Arctic Village,United States,US,68.1147,-145.579
ARH,Talagi Airport,Archangelsk,Russia,RU,64.6003,40.7167
ARI,Chacalluta International Airport,Arica,Chile,CL,-18.3485,-70.3387
ARK,Arusha Airport,Arusha,Tanzania,TZ,-3.36779,36.6333
ARM,Armidale Airport,Armidale,Australia,AU,-30.5281,151.617
ARN,Stockholm-Arlanda Airport,Stockholm,Sweden,SE,59.6485,17.9288
ART,Watertown International Airport,Watertown,United States,US,43.9919,-76.0217
ARU,Araçatuba Airport,Araçatuba,Brazil,BR,-21.1415,-50.4246
ARW,Arad International Airport,Arad,Romania,RO,46.1761,21.2643
ASB,Ashgabat International Airport,Ashgabat,Turkmenistan,TM,37.9868,58.361
ASD,Andros Town Airport,Andros Town,Bahamas,BS,24.6979,-77.7956
ASE,Aspen-Pitkin County Airport (Sardy Field),Aspen,United States,US,39.2232,-106.869
ASF,Astrakhan Narimanovo Boris M. Kustodiev International Airport,Astrakhan,Russia,RU,46.2828,48.0105
ASI,RAF Ascension Island,Cat Hill,"Saint Helena, Ascension and Tristan da Cunha",SH,-7.97018,-14.3927
ASJ,Amami Airport,Amami,Japan,JP,28.4306,129.713
ASM,Asmara International Airport,Asmara,Eritrea,ER,15.2919,38.9107
ASO,Asosa Airport,Asosa,Ethiopia,ET,10.0185,34.5863
ASP,Alice Springs Airport,Alice Springs,Australia,AU,-23.8066,133.903
ASR,Kayseri Erkilet International Airport,Kayseri,Turkey,TR,38.7704,35.4954
ASU,Silvio Pettirossi International Airport,Asunción,Paraguay,PY,-25.2402,-57.5192
ASV,Amboseli Airport,Ol Tukai,Kenya,KE,-2.64479,37.2529
ASW,Aswan International Airport,Aswan,Egypt,EG,23.9611,32.8204
ATC,Arthur's Town Airport,Arthur's Town,Bahamas,BS,24.6294,-75.6738
ATH,Athens Eleftherios Venizelos International Airport,Spata-Artemida,Greece,GR,37.9364,23.9445
ATK,Atqasuk Edward Burnell Sr Memorial Airport,Atqasuk,United States,US,70.467,-157.436
ATL,Hartsfield Jackson Atlanta International Airport,Atlanta,United States,US,33.6367,-84.4281
ATM,Altamira Interstate Airport,Altamira,Brazil,BR,-3.25314,-52.2539
ATQ,Sri Guru Ram Das Ji International Airport,Amritsar,India,IN,31.7096,74.7973
ATW,Appleton International Airport,Appleton,United States,US,44.2585,-88.519
ATY,Watertown Regional Airport,Watertown,United States,US,44.914,-97.1547
ATZ,Asyut International Airport,Asyut,Egypt,EG,27.046,31.0128
AUA,Queen Beatrix International Airport,Oranjestad,Aruba,AW,12.5011,-70.0143
AUC,Santiago Perez Airport,Arauca,Colombia,CO,7.06888,-70.7369
AUG,Augusta State Airport,Augusta,United States,US,44.3206,-69.7973
AUH,Zayed International Airport,Abu Dhabi,United Arab Emirates,AE,24.441,54.6492
AUQ,Hiva Oa-Atuona Airport,Hiva Oa Island,French Polynesia,PF,-9.76879,-139.011
AUR,Aurillac airport,Aurillac,France,FR,44.8914,2.42194
AUS,Austin Bergstrom International Airport,Austin,United States,US,30.1975,-97.662
AUX,Araguaína Airport,Araguaína,Brazil,BR,-7.22787,-48.2405
AVA,Anshun Huangguoshu Airport,Anshun (Xixiu),China,CN,26.2606,105.873
AVK,Arvaikheer Airport,Arvaikheer,Mongolia,MN,46.2503,102.802
AVL,Asheville Regional Airport,Asheville,United States,US,35.4355,-82.5419
AVN,Avignon Caumont airport,Avignon,France,FR,43.9073,4.90183
AVP,Wilkes-Barre/Scranton International Airport,Wilkes-Barre/Scranton,United States,US,41.3371,-75.7242
AVR,Amravati  Airport,Amravati,India,IN,20.8146,77.7178
AVV,Melbourne Avalon International Airport,Geelong/Melbourne,Australia,AU,-38.0403,144.467
AWA,Hawassa International Airport,Hawassa,Ethiopia,ET,7.10061,38.3965
AWK,Wake Island Airfield,Wake Island,United States Minor Outlying Islands,UM,19.2824,166.637
AWZ,Qasem Soleimani International Airport,Ahvaz,Iran,IR,31.3364,48.7638
AXA,Clayton J. Lloyd International Airport,The Valley,Anguilla,AI,18.2048,-63.0538
AXD,Alexandroupoli Democritus Airport,Alexandroupolis,Greece,GR,40.8559,25.9563
AXF,Alxa Left Banner Bayanhot Airport,Bayanhot,China,CN,38.7483,105.584
AXJ,Amakusa Airport,Amakusa,Japan,JP,32.4825,130.159
AXM,El Eden Airport,Armenia,Colombia,CO,4.45278,-75.7664
AXP,Spring Point Airport,Spring Point,Bahamas,BS,22.4418,-73.9709
AXR,Arutua Airport,Arutua Airport,French Polynesia,PF,-15.2483,-146.617
AXT,Akita Airport,Akita,Japan,JP,39.6156,140.219
AXU,Axum Airport,Axum,Ethiopia,ET,14.1468,38.7728
AYJ,Maharshi Valmiki International Airport,Faizabad,India,IN,26.7477,82.1637
AYP,Air Force Colonel Alfredo Mendivil Duarte Airport,Ayacucho,Peru,PE,-13.1548,-74.2044
AYQ,Ayers Rock Connellan Airport,Yulara,Australia,AU,-25.1859,130.977
AYT,Antalya International Airport,Antalya,Turkey,TR,36.8987,30.8005
AZA,Mesa Gateway Airport,Mesa,United States,US,33.3078,-111.655
AZD,Shahid Sadooghi Airport,Yazd,Iran,IR,31.9049,54.2765
AZN,Andijan International Airport,Andijan,Uzbekistan,UZ,40.7277,72.294
AZO,Kalamazoo/Battle Creek International Airport,Kalamazoo,United States,US,42.2321,-85.5496
AZR,Touat-Cheikh Sidi Mohamed Belkebir Airport,Adrar,Algeria,DZ,27.8376,-0.186414
AZS,Samaná El Catey International Airport,Samana,Dominican Republic,DO,19.2693,-69.7374
BAH,Bahrain International Airport,Manama,Bahrain,BH,26.2673,50.6376
BAL,Batman Airport,Batman,Turkey,TR,37.929,41.1166
BAQ,Ernesto Cortissoz International Airport,Barranquilla,Colombia,CO,10.8896,-74.7808
BAR,Qionghai Bo'ao Airport,Qionghai (Basuo),China,CN,19.141,110.453
BAV,Baotou Donghe International Airport,Baotou,China,CN,40.56,109.997
BAX,Barnaul Gherman Titov International Airport,Barnaul,Russia,RU,53.3613,83.5397
BAY,Maramureș International Airport,Tăuții-Măgherăuș,Romania,RO,47.6584,23.4644
BBA,Balmaceda Airport,Balmaceda,Chile,CL,-45.916,-71.6895
BBI,Biju Patnaik International Airport,Bhubaneswar,India,IN,20.251,85.8147
BBK,Kasane International Airport,Kasane,Botswana,BW,-17.8317,25.1662
BBM,Battambang Airport,Battambang,Cambodia,KH,13.0956,103.224
BBN,Bario Airport,Bario,Malaysia,MY,3.73465,115.479
BBO,Berbera Airport,Berbera,Somalia,SO,10.385,44.9367
BBQ,Burton-Nibbs International Airport,Codrington,Antigua and Barbuda,AG,17.6212,-61.7983
BBU,Bucharest Băneasa Aurel Vlaicu International Airport,Bucharest,Romania,RO,44.5031,26.1029
BCA,Gustavo Rizo Airport,Baracoa,Cuba,CU,20.3653,-74.5062
BCD,Bacolod-Silay International Airport,Bacolod City,Philippines,PH,10.7762,123.019
BCH,Baucau Airport,Baucau,Timor-Leste,TL,-8.48648,126.4
BCI,Barcaldine Airport,Barcaldine,Australia,AU,-23.5663,145.302
BCM,Bacău George Enescu International  Airport,Bacău,Romania,RO,46.5219,26.9103
BCN,Josep Tarradellas Barcelona-El Prat Airport,Barcelona,Spain,ES,41.2971,2.07846
BCO,Jinka Airport,Jinka,Ethiopia,ET,5.74965,36.5602
BCU,Sir Abubakar Tafawa Balewa Bauchi State International Airport,Bauchi,Nigeria,NG,10.4828,9.744
BDA,L.F. Wade International Airport,Hamilton,Bermuda,BM,32.3638,-64.6782
BDB,Bundaberg Airport,Bundaberg,Australia,AU,-24.905,152.323
BDH,Bandar Lengeh International Airport,Bandar Lengeh,Iran,IR,26.5323,54.8248
BDJ,Syamsudin Noor International Airport,Banjarbaru,Indonesia,ID,-3.44011,114.761
BDL,Bradley International Airport,Hartford,United States,US,41.9386,-72.688
BDO,Husein Sastranegara International Airport,Bandung,Indonesia,ID,-6.90063,107.576
BDQ,Vadodara International Airport,Vadodara,India,IN,22.3362,73.2263
BDS,Brindisi Airport,Brindisi,Italy,IT,40.6576,17.947
BDT,Gbadolite Airport,Gbadolite,Democratic Republic of the Congo,CD,4.25274,20.9753
BDU,Bardufoss Airport,Målselv,Norway,NO,69.0558,18.5404
BEB,Benbecula Airport,Balivanich,United Kingdom,GB,57.4811,-7.36278
BED,Laurence G Hanscom Field,Bedford,United States,US,42.47,-71.289
BEF,Bluefields Airport,Bluefields,Nicaragua,NI,11.991,-83.7741
BEG,Belgrade Nikola Tesla Airport,Belgrade,Serbia,RS,44.8184,20.3091
BEJ,Kalimarau Airport,Tanjung Redeb - Borneo Island,Indonesia,ID,2.14776,117.431
BEK,Bareilly Air Force Station,Bareilly,India,IN,28.4221,79.4508
BEL,Val de Cans/Júlio Cezar Ribeiro International Airport,Belém,Brazil,BR,-1.37928,-48.4762
BEM,Beni Mellal Airport,Oulad Yaich,Morocco,MA,32.4019,-6.3159
BEN,Benina International Airport,Benina,Libya,LY,32.0968,20.2695
BER,Berlin Brandenburg Airport,Berlin,Germany,DE,52.3617,13.5023
BES,Brest Bretagne airport,Brest,France,FR,48.4479,-4.41854
BET,Bethel Airport,Bethel,United States,US,60.7798,-161.838
BEU,Bedourie Airport,Bedourie,Australia,AU,-24.3461,139.46
BEW,Beira International Airport,Beira,Mozambique,MZ,-19.7964,34.9076
BEY,Beirut Rafic Hariri International Airport,Beirut,Lebanon,LB,33.8198,35.4874
BFD,Bradford Regional Airport,Bradford,United States,US,41.8031,-78.6401
BFF,Western Neb. Rgnl/William B. Heilig Airport,Scottsbluff,United States,US,41.874,-103.596
BFI,King County International Airport - Boeing Field,Seattle,United States,US,47.527,-122.3
BFJ,Bijie Feixiong Airport,Bijie,China,CN,27.2671,105.472
BFL,Meadows Field,Bakersfield,United States,US,35.4336,-119.057
BFN,Bram Fischer International Airport,Bloemfontein,South Africa,ZA,-29.0927,26.3024
BFS,Belfast International Airport,Belfast,United Kingdom,GB,54.6575,-6.21583
BFV,Buri Ram Airport,Buriram,Thailand,TH,15.2295,103.253
BFY,Bengbu Tenghu Airport,Bengbu,China,CN,33.1663,117.058
BGA,Palonegro Airport,Bucaramanga,Colombia,CO,7.1265,-73.1848
BGC,Bragança Airport,Bragança,Portugal,PT,41.8578,-6.70713
BGF,Bangui M'Poko International Airport,Bangui,Central African Republic,CF,4.39848,18.5188
BGI,Grantley Adams International Airport,Bridgetown,Barbados,BB,13.0747,-59.491
BGM,Greater Binghamton/Edwin A Link field,Binghamton,United States,US,42.2087,-75.9798
BGO,"Bergen Airport, Flesland",Bergen,Norway,NO,60.2934,5.21814
BGR,Bangor International Airport,Bangor,United States,US,44.8064,-68.8267
BGW,Baghdad International Airport / New Al Muthana Air Base,Baghdad,Iraq,IQ,33.2625,44.2346
BGY,Il Caravaggio International Airport,Orio al Serio (BG),Italy,IT,45.6694,9.70885
BHB,Hancock County-Bar Harbor Airport,Bar Harbor,United States,US,44.45,-68.3615
BHD,George Best Belfast City Airport,Belfast,United Kingdom,GB,54.6181,-5.8725
BHE,Woodbourne Airport,Blenheim,New Zealand,NZ,-41.5183,173.87
BHH,Bisha Airport,Bisha,Saudi Arabia,SA,19.9844,42.6209
BHI,Comandante Espora Airport,Bahía Blanca,Argentina,AR,-38.725,-62.1693
BHJ,Bhuj Airport,Bhuj,India,IN,23.2878,69.6702
BHK,Bukhara International Airport,Bukhara,Uzbekistan,UZ,39.7753,64.4823
BHM,Birmingham-Shuttlesworth International Airport,Birmingham,United States,US,33.5629,-86.7507
BHO,Raja Bhoj International Airport,Bhopal,India,IN,23.2875,77.3374
BHQ,Broken Hill Airport,Broken Hill,Australia,AU,-32.0014,141.472
BHS,Bathurst Airport,Bathurst,Australia,AU,-33.4068,149.651
BHU,Bhavnagar Airport,Bhavnagar,India,IN,21.7522,72.1852
BHV,Bahawalpur Airport,Bahawalpur,Pakistan,PK,29.3481,71.718
BHX,Birmingham Airport,"Birmingham, West Midlands",United Kingdom,GB,52.4539,-1.74803
BHY,Beihai Fucheng Airport,Beihai,China,CN,21.5387,109.294
BIA,Bastia-Poretta International airport,Bastia,France,FR,42.5527,9.48373
BIH,Eastern Sierra Regional Airport,Bishop,United States,US,37.3731,-118.364
BIK,Frans Kaisiepo Airport,Biak,Indonesia,ID,-1.19002,136.108
BIL,Billings Logan International Airport,Billings,United States,US,45.8089,-108.541
BIM,South Bimini Airport,South Bimini,Bahamas,BS,25.6999,-79.2647
BIO,Bilbao Airport,Bilbao,Spain,ES,43.3011,-2.91061
BIQ,Biarritz Pays Basque airport,Biarritz,France,FR,43.4684,-1.52322
BIR,Biratnagar Airport,Biratnagar,Nepal,NP,26.4815,87.264
BIS,Bismarck Municipal Airport,Bismarck,United States,US,46.7727,-100.747
BJA,Soummam–Abane Ramdane Airport,Béjaïa,Algeria,DZ,36.7125,5.06991
BJB,Bojnord Airport,Bojnord,Iran,IR,37.493,57.3082
BJC,Rocky Mountain Metropolitan Airport,Denver,United States,US,39.9088,-105.117
BJF,Båtsfjord Airport,Båtsfjord,Norway,NO,70.6003,29.6926
BJL,Banjul International Airport,Banjul (Yundum),Gambia,GM,13.338,-16.6522
BJM,Bujumbura Melchior Ndadaye International Airport,Bujumbura,Burundi,BI,-3.32402,29.3185
BJR,Bahir Dar Airport,Bahir Dar,Ethiopia,ET,11.6081,37.3216
BJV,Milas Bodrum International Airport,Bodrum,Turkey,TR,37.2493,27.664
BJX,Guanajuato International Airport,Silao,Mexico,MX,20.9927,-101.48
BJZ,Badajoz Airport,Badajoz,Spain,ES,38.8913,-6.82133
BKG,Branson Airport,Branson,United States,US,36.5321,-93.2005
BKI,Kota Kinabalu International Airport,Kota Kinabalu,Malaysia,MY,5.93274,116.049
BKK,Suvarnabhumi Airport,Bangkok,Thailand,TH,13.6811,100.747
BKN,Balkanabat International Airport,Balkanabat,Turkmenistan,TM,39.6811,54.206
BKO,Modibo Keita International Airport,Bamako,Mali,ML,12.5335,-7.94994
BKQ,Blackall Airport,Blackall,Australia,AU,-24.4317,145.43
BKS,Fatmawati Soekarno Airport,Bengkulu,Indonesia,ID,-3.8637,102.339
BKW,Raleigh County Memorial Airport,Beaver,United States,US,37.7873,-81.1242
BLA,General José Antonio Anzoategui International Airport,Barcelona,Venezuela,VE,10.1111,-64.6922
BLD,Boulder City Municipal Airport,Boulder City,United States,US,35.9472,-114.859
BLE,Dala Airport,Borlange,Sweden,SE,60.422,15.5152
BLI,Bellingham International Airport,Bellingham,United States,US,48.7928,-122.538
BLJ,Batna Mostefa Ben Boulaid Airport,Batna,Algeria,DZ,35.7521,6.30859
BLL,Billund Airport,Billund,Denmark,DK,55.7403,9.15702
BLQ,Bologna Guglielmo Marconi Airport,Bologna,Italy,IT,44.5354,11.2887
BLR,Kempegowda International Airport Bengaluru,Bengaluru,India,IN,13.1979,77.7063
BLV,Scott AFB/Midamerica Airport,Belleville,United States,US,38.5452,-89.8352
BLZ,Chileka International Airport,Blantyre,Malawi,MW,-15.6772,34.9723
BMA,Stockholm-Bromma Airport,Stockholm,Sweden,SE,59.3544,17.9417
BME,Broome International Airport,Broome,Australia,AU,-17.9492,122.228
BMI,Central Illinois Regional Airport at Bloomington-Normal,Bloomington/Normal,United States,US,40.4771,-88.9159
BMU,Sultan Muhammad Salahuddin Airport,Bima,Indonesia,ID,-8.53718,118.685
BMV,Buon Ma Thuot Airport,Buon Ma Thuot,Vietnam,VN,12.6683,108.12
BMW,Bordj Badji Mokhtar Airport,Bordj Badji Mokhtar,Algeria,DZ,21.3778,0.92698
BNA,Nashville International Airport,Nashville,United States,US,36.1245,-86.6782
BND,Bandar Abbas International Airport,Bandar Abbas,Iran,IR,27.2183,56.3778
BNE,Brisbane International Airport,Brisbane,Australia,AU,-27.3842,153.117
BNI,Benin Airport,Benin,Nigeria,NG,6.31698,5.5995
BNK,Ballina Byron Gateway Airport,Ballina,Australia,AU,-28.8332,153.561
BNN,"Brønnøysund Airport, Brønnøy",Brønnøy,Norway,NO,65.4611,12.2175
BNS,Barinas Airport,Barinas,Venezuela,VE,8.615,-70.2142
BNX,Banja Luka International Airport,Mahovljani,Bosnia and Herzegovina,BA,44.9414,17.2975
BOB,Bora Bora Airport,Motu Mute,French Polynesia,PF,-16.4444,-151.751
BOC,"Bocas del Toro ""Isla Colón"" International Airport",Isla Colón,Panama,PA,9.34085,-82.2508
BOD,Bordeaux–Mérignac Airport,Bordeaux,France,FR,44.8287,-0.715356
BOG,El Dorado International Airport,Bogota,Colombia,CO,4.70159,-74.1469
BOH,Bournemouth Airport,Bournemouth,United Kingdom,GB,50.7805,-1.83958
BOI,Boise Air Terminal/Gowen Field,Boise,United States,US,43.5644,-116.223
BOJ,Burgas Airport,Burgas,Bulgaria,BG,42.5699,27.5152
BOM,Chhatrapati Shivaji Maharaj International Airport,Mumbai,India,IN,19.0887,72.8679
BON,Flamingo International Airport,Kralendijk,Caribbean Netherlands,BQ,12.131,-68.2685
BOO,Bodø Airport,Bodø,Norway,NO,67.2692,14.3653
BOR,Bokeo International Airport,Ton Phueng,Laos,LA,20.324,100.165
BOS,Boston Logan International Airport,Boston,United States,US,42.362,-71.0079
BOY,Bobo Dioulasso Airport,Bobo Dioulasso,Burkina Faso,BF,11.1601,-4.33097
BPE,Qinhuangdao Beidaihe Airport,Qinhuangdao (Changli),China,CN,39.6664,119.061
BPL,Bole Alashankou Airport,Bole,China,CN,44.8955,82.3001
BPN,Sultan Aji Muhammad Sulaiman Sepinggan International Airport,Balikpapan,Indonesia,ID,-1.26834,116.895
BPS,Porto Seguro International Airport,Porto Seguro,Brazil,BR,-16.4384,-39.0806
BPT,Jack Brooks Regional Airport,Beaumont/Port Arthur,United States,US,29.9508,-94.0207
BPX,Qamdo Bangda Airport,Bangda,China,CN,30.5536,97.1083
BPY,Besalampy Airport,Besalampy,Madagascar,MG,-16.7445,44.4825
BQK,Brunswick Golden Isles Airport,Brunswick,United States,US,31.2588,-81.4665
BQL,Boulia Airport,Boulia Airport,Australia,AU,-22.9133,139.9
BQN,Rafael Hernández International Airport,Aguadilla,Puerto Rico,PR,18.4949,-67.1294
BQS,Ignatyevo Airport,Blagoveschensk,Russia,RU,50.4267,127.416
BQT,Brest International Airport,Brest,Belarus,BY,52.1081,23.8968
BQU,J F Mitchell Airport,Bequia,Saint Vincent and the Grenadines,VC,12.9884,-61.262
BRC,Teniente Luis Candelaria International Airport,San Carlos de Bariloche,Argentina,AR,-41.1512,-71.1575
BRD,Brainerd Lakes Regional Airport,Brainerd,United States,US,46.4029,-94.1297
BRE,Bremen Airport,Bremen,Germany,DE,53.0468,8.78932
BRI,Bari Karol Wojtyła International Airport,Bari,Italy,IT,41.1389,16.7606
BRK,Bourke Airport,Bourke Airport,Australia,AU,-30.0392,145.952
BRL,Southeast Iowa Regional Airport,Burlington,United States,US,40.7832,-91.1255
BRM,Jacinto Lara International Airport,Barquisimeto,Venezuela,VE,10.0427,-69.3586
BRN,Bern Airport,Bern,Switzerland,CH,46.9127,7.49882
BRO,Brownsville South Padre Island International Airport,Brownsville,United States,US,25.9072,-97.4252
BRQ,Brno-Tuřany Airport,Brno,Czech Republic,CZ,49.1513,16.694
BRR,Barra Airport,Eoligarry,United Kingdom,GB,57.0228,-7.44306
BRS,Bristol Airport,Bristol,United Kingdom,GB,51.3823,-2.71645
BRU,Brussels Airport,Zaventem,Belgium,BE,50.9014,4.48444
BRW,Wiley Post Will Rogers Memorial Airport,Utqiaġvik,United States,US,71.2854,-156.766
BRX,Maria Montez International Airport,Barahona,Dominican Republic,DO,18.2515,-71.1204
BSA,Bender Qassim International Airport,Bosaso,Somalia,SO,11.2752,49.1392
BSB,Presidente Juscelino Kubitschek International Airport,Brasília,Brazil,BR,-15.8692,-47.9208
BSC,José Celestino Mutis Airport,Bahía Solano,Colombia,CO,6.20292,-77.3947
BSD,Baoshan Yunrui Airport,Baoshan (Longyang),China,CN,25.0533,99.1683
BSG,Bata International Airport,Bata,Equatorial Guinea,GQ,1.90547,9.80568
BSK,Biskra - Mohamed Khider Airport,Biskra,Algeria,DZ,34.7932,5.7389
BSL,EuroAirport Basel–Mulhouse–Freiburg,Bâle / Mulhouse,France,FR,47.6007,7.52112
BSO,Basco Airport,Basco,Philippines,PH,20.4513,121.98
BSR,Basra International Airport,Basra,Iraq,IQ,30.5491,47.6621
BSZ,Manas International Airport,Bishkek,Kyrgyzstan,KG,43.0613,74.4776
BTC,Batticaloa International Airport,Batticaloa,Sri Lanka,LK,7.70507,81.6772
BTH,Hang Nadim International Airport,Batam,Indonesia,ID,1.12103,104.119
BTI,Barter Island Long Range Radar Station Airport,Barter Island,United States,US,70.134,-143.582
BTJ,Sultan Iskandar Muda International Airport,Banda Aceh,Indonesia,ID,5.52509,95.42
BTK,Bratsk Airport,Bratsk,Russia,RU,56.3696,101.702
BTM,Bert Mooney Airport,Butte,United States,US,45.9548,-112.497
BTR,Baton Rouge Metropolitan Airport,Baton Rouge,United States,US,30.5332,-91.1496
BTS,M. R. Štefánik Airport,Bratislava,Slovakia,SK,48.1702,17.2127
BTU,Bintulu Airport,Bintulu,Malaysia,MY,3.12385,113.02
BTV,Patrick Leahy Burlington International Airport,Burlington,United States,US,44.4719,-73.1533
BUA,Buka Airport,Buka Island,Papua New Guinea,PG,-5.4223,154.673
BUD,Budapest Liszt Ferenc International Airport,Budapest,Hungary,HU,47.4302,19.2624
BUF,Buffalo Niagara International Airport,Buffalo,United States,US,42.9405,-78.7322
BUN,Gerardo Tobar López Airport,Buenaventura,Colombia,CO,3.81963,-76.9898
BUQ,Joshua Mqabuko Nkomo International Airport,Bulawayo,Zimbabwe,ZW,-20.0163,28.6229
BUR,Hollywood Burbank/Bob Hope Airport,Burbank,United States,US,34.2028,-118.358
BUS,Alexander Kartveli Batumi International Airport,Batumi,Georgia,GE,41.6094,41.6003
BUX,Bunia Airport,Bunia,Democratic Republic of the Congo,CD,1.56574,30.2207
BUZ,Bushehr Airport,Bushehr,Iran,IR,28.9448,50.8346
BVA,Beauvais-Tillé airport,Beauvais,France,FR,49.4544,2.11278
BVB,Atlas Brasil Cantanhede International Airport,Boa Vista,Brazil,BR,2.84615,-60.6906
BVC,Aristides Pereira International Airport,Rabil,Cape Verde,CV,16.1365,-22.8889
BVE,Brive Souillac airport,Brive,France,FR,45.0397,1.48556
BVG,Berlevåg Airport,Berlevåg,Norway,NO,70.8715,29.0341
BVH,Brigadeiro Camarão Airport,Vilhena,Brazil,BR,-12.6944,-60.0983
BVI,Birdsville Airport,Birdsville Airport,Australia,AU,-25.8975,139.348
BVJ,Bovanenkovo Airport,Bovanenkovo,Russia,RU,70.3153,68.3336
BWA,Gautam Buddha International Airport,Siddharthanagar (Bhairahawa),Nepal,NP,27.5046,83.4104
BWI,Baltimore/Washington International Thurgood Marshall Airport,Baltimore,United States,US,39.1754,-76.6683
BWK,Brač Airport,Gornji Humac,Croatia,HR,43.2845,16.6784
BWN,Brunei International Airport,Bandar Seri Begawan,Brunei,BN,4.9442,114.928
BWO,Balakovo Airport,Balakovo,Russia,RU,51.8583,47.7456
BWT,Wynyard Airport,Burnie,Australia,AU,-40.997,145.726
BXH,Balkhash Airport,Balkhash,Kazakhstan,KZ,46.8942,75.0045
BXR,Bam Airport,Bam,Iran,IR,29.0842,58.45
BXU,Bancasi Airport,Butuan,Philippines,PH,8.9515,125.479
BXY,Baikonur Krayniy International Airport,Baikonur,Kazakhstan,KZ,45.622,63.2108
BYK,Bouaké Airport,Bouaké,Côte d'Ivoire,CI,7.7388,-5.07367
BYM,Carlos Manuel de Cespedes Airport,Bayamo,Cuba,CU,20.3964,-76.6214
BYN,Bayankhongor Airport,Bayankhongor,Mongolia,MN,46.1633,100.704
BZE,Philip S. W. Goldson International Airport,Belize City,Belize,BZ,17.54,-88.3036
BZG,Ignacy Jan Paderewski Bydgoszcz Airport,Bydgoszcz,Poland,PL,53.0968,17.9777
BZI,Balıkesir Airport,Balıkesir,Turkey,TR,39.6193,27.926
BZK,Bryansk International Airport,Bryansk,Russia,RU,53.2144,34.176
BZL,Barisal Airport,Barisal,Bangladesh,BD,22.801,90.3012
BZN,Bozeman Yellowstone International Airport,Bozeman,United States,US,45.7789,-111.154
BZO,Bolzano Airport,Bolzano (BZ),Italy,IT,46.4592,11.3261
BZR,Béziers Vias airport,Béziers,France,FR,43.3235,3.3539
BZV,Maya-Maya International Airport,Brazzaville,Republic of the Congo,CG,-4.2517,15.253
BZX,Bazhong Enyang Airport,Bazhong,China,CN,31.7384,106.645
CAB,Cabinda Airport,Cabinda,Angola,AO,-5.59839,12.1881
CAC,Coronel Adalberto Mendes da Silva Airport,Cascavel,Brazil,BR,-25.0003,-53.5012
CAE,Columbia Metropolitan Airport,Columbia,United States,US,33.9382,-81.123
CAG,Cagliari Elmas Airport,Cagliari,Italy,IT,39.2515,9.05428
CAH,Cà Mau Airport,Ca Mau City,Vietnam,VN,9.17767,105.178
CAI,Cairo International Airport,Cairo,Egypt,EG,30.1115,31.3967
CAJ,Canaima Airport,Canaima,Venezuela,VE,6.23199,-62.8548
CAK,Akron Canton Regional Airport,Akron,United States,US,40.9161,-81.4422
CAL,Campbeltown Airport,Campbeltown,United Kingdom,GB,55.4372,-5.68639
CAN,Guangzhou Baiyun International Airport,Guangzhou (Huadu),China,CN,23.3924,113.299
CAP,Cap Haitien International Airport,Cap Haitien,Haiti,HT,19.7255,-72.2007
CAT,Cascais Airport,Cascais,Portugal,PT,38.725,-9.35523
CAW,Bartolomeu Lisandro Airport,Campos dos Goytacazes,Brazil,BR,-21.6983,-41.3017
CAY,Cayenne – Félix Eboué Airport,Matoury,French Guiana,GF,4.81996,-52.3613
CAZ,Cobar Airport,Cobar Airport,Australia,AU,-31.5383,145.794
CBB,Jorge Wilsterman International Airport,Cochabamba,Bolivia,BO,-17.4211,-66.1771
CBH,Béchar Boudghene Ben Ali Lotfi Airport,Béchar,Algeria,DZ,31.6457,-2.26986
CBO,Cotabato (Awang) Airport,Datu Odin Sinsuat,Philippines,PH,7.16475,124.21
CBQ,Margaret Ekpo International Airport,Calabar,Nigeria,NG,4.97602,8.3472
CBR,Canberra Airport,Canberra,Australia,AU,-35.3069,149.195
CBT,Catumbela Airport,Catumbela,Angola,AO,-12.4792,13.4869
CCC,Jardines Del Rey Airport,Cayo Coco,Cuba,CU,22.461,-78.3284
CCE,Capital International Airport,New Cairo,Egypt,EG,30.0647,31.84
CCF,Carcassonne Salvaza Airport,Carcassonne,France,FR,43.216,2.30632
CCJ,Calicut International Airport,Calicut,India,IN,11.136,75.9552
CCK,Cocos (Keeling) Islands Airport,West Island,Cocos (Keeling) Islands,CC,-12.1922,96.8341
CCP,Carriel Sur International Airport,Concepcion,Chile,CL,-36.7724,-73.0628
CCR,Buchanan Field,Concord,United States,US,37.9897,-122.057
CCS,Maiquetía Simón Bolívar International Airport,Maiquetía,Venezuela,VE,10.6022,-66.9912
CCU,Netaji Subhash Chandra Bose International Airport,Kolkata,India,IN,22.654,88.4476
CCZ,Chub Cay Airport,Chub Cay,Bahamas,BS,25.4171,-77.8809
CDB,Cold Bay Airport,Cold Bay,United States,US,55.2079,-162.725
CDC,Cedar City Regional Airport,Cedar City,United States,US,37.701,-113.099
CDE,Chengde Puning Airport,Chengde,China,CN,41.1225,118.074
CDG,Charles de Gaulle International Airport,"Paris (Roissy-en-France, Val-d'Oise)",France,FR,49.009,2.55412
CDP,Kadapa Airport,Kadapa,India,IN,14.5132,78.7692
CDR,Chadron Municipal Airport,Chadron,United States,US,42.8376,-103.095
CDT,Castellón-Costa Azahar Airport,Castellón de la Plana,Spain,ES,40.2139,0.073333
CDV,Merle K (Mudhole) Smith Airport,Cordova,United States,US,60.4918,-145.478
CEB,Mactan Cebu International Airport,Cebu City/Lapu-Lapu City,Philippines,PH,10.3093,123.98
CEC,Jack Mc Namara Field Airport,Crescent City,United States,US,41.7789,-124.236
CED,Ceduna Airport,Ceduna Airport,Australia,AU,-32.1306,133.71
CEE,Cherepovets Airport,Cherepovets,Russia,RU,59.2736,38.0158
CEI,Mae Fah Luang - Chiang Rai International Airport,Chiang Rai,Thailand,TH,19.9523,99.8829
CEK,Kurchatov Chelyabinsk International Airport,Chelyabinsk,Russia,RU,55.3031,61.5049
CEN,Ciudad Obregón International Airport,Ciudad Obregón,Mexico,MX,27.3926,-109.833
CEZ,Cortez Municipal Airport,Cortez,United States,US,37.303,-108.628
CFE,Clermont-Ferrand Auvergne airport,Clermont-Ferrand,France,FR,45.7867,3.16917
CFG,Jaime Gonzalez Airport,Cienfuegos,Cuba,CU,22.15,-80.4142
CFK,Chlef Aboubakr Belkaid International Airport,Chlef,Algeria,DZ,36.2166,1.34111
CFN,Donegal Airport,Donegal,Ireland,IE,55.0442,-8.341
CFR,Caen Carpiquet airport,Caen,France,FR,49.1768,-0.454883
CFS,Coffs Harbour Airport,Coffs Harbour,Australia,AU,-30.3206,153.116
CFU,Corfu Ioannis Kapodistrias International Airport,Kerkyra (Corfu),Greece,GR,39.6014,19.9122
CGB,Várzea Grande–Marechal Rondon International Airport,Cuiabá,Brazil,BR,-15.6529,-56.1167
CGD,Changde Taohuayuan Airport,Changde (Dingcheng),China,CN,28.9189,111.64
CGH,Congonhas–Deputado Freitas Nobre Airport,São Paulo,Brazil,BR,-23.6277,-46.6546
CGI,Cape Girardeau Regional Airport,Cape Girardeau,United States,US,37.2253,-89.5708
CGK,Soekarno-Hatta International Airport,Jakarta,Indonesia,ID,-6.12557,106.656
CGM,Camiguin Airport,Mambajao,Philippines,PH,9.25389,124.709
CGN,Cologne Bonn Airport,Köln (Cologne),Germany,DE,50.8659,7.14274
CGO,Zhengzhou Xinzheng International Airport,Zhengzhou,China,CN,34.5265,113.849
CGP,Shah Amanat International Airport,Chattogram (Chittagong),Bangladesh,BD,22.2496,91.8133
CGQ,Changchun Longjia International Airport,Changchun,China,CN,43.9962,125.685
CGR,Campo Grande Airport,Campo Grande,Brazil,BR,-20.47,-54.674
CGY,Laguindingan International Airport,Laguindingan,Philippines,PH,8.6122,124.456
CHA,Chattanooga Metropolitan Airport (Lovell Field),Chattanooga,United States,US,35.0353,-85.2038
CHC,Christchurch International Airport,Christchurch,New Zealand,NZ,-43.489,172.532
CHG,Chaoyang Airport,"Shuangta, Chaoyang",China,CN,41.5381,120.435
CHH,Chachapoyas Airport,Chachapoyas,Peru,PE,-6.20191,-77.8562
CHM,FAP Lieutenant Jaime Andres de Montreuil Morales Airport,Chimbote,Peru,PE,-9.14961,-78.5238
CHO,Charlottesville Albemarle Airport,Charlottesville,United States,US,38.1386,-78.4529
CHQ,Chania International Airport,Souda,Greece,GR,35.5312,24.1507
CHS,Charleston International Airport,Charleston,United States,US,32.8962,-80.0382
CHT,Inia William Tuuta Memorial Airport,Te One,New Zealand,NZ,-43.8119,-176.465
CHX,Changuinola Captain Manuel Niño International Airport,Changuinola,Panama,PA,9.45896,-82.5151
CIA,Ciampino–G. B. Pastine International Airport,Rome,Italy,IT,41.7988,12.5953
CID,The Eastern Iowa Airport,Cedar Rapids,United States,US,41.8847,-91.7108
CIF,Chifeng Yulong Airport,Chifeng,China,CN,42.1597,118.841
CIJ,Capitán Aníbal Arab Airport,Cobija,Bolivia,BO,-11.0391,-68.7828
CIT,Shymkent International Airport,Shymkent,Kazakhstan,KZ,42.365,69.4756
CIU,Chippewa County International Airport,Kincheloe,United States,US,46.242,-84.4621
CIW,Canouan Airport,Canouan,Saint Vincent and the Grenadines,VC,12.699,-61.3424
CIX,Capitán FAP José A. Quiñones González International Airport,Chiclayo,Peru,PE,-6.78922,-79.8283
CIY,Comiso Airport,Comiso,Italy,IT,36.9958,14.6089
CJA,Mayor General FAP Armando Revoredo Iglesias Airport,Cajamarca,Peru,PE,-7.13918,-78.4894
CJB,Coimbatore International Airport,Coimbatore,India,IN,11.03,77.0434
CJC,El Loa Airport,Calama,Chile,CL,-22.4982,-68.9036
CJJ,Cheongju International Airport/Cheongju Air Base (K-59/G-513),Cheongju,South Korea,KR,36.7156,127.5
CJL,Chitral Airport,Chitral,Pakistan,PK,35.8862,71.7999
CJM,Chumphon Airport,Chumphon,Thailand,TH,10.7112,99.3617
CJS,Abraham González International Airport,Ciudad Juárez,Mexico,MX,31.6367,-106.429
CJU,Jeju International Airport,Jeju City,South Korea,KR,33.5121,126.493
CKB,North Central West Virginia Airport,Bridgeport,United States,US,39.2966,-80.2281
CKG,Chongqing Jiangbei International Airport,Chongqing,China,CN,29.7123,106.652
CKH,Chokurdakh Airport,Chokurdah,Russia,RU,70.6231,147.902
CKS,Carajás Airport,Parauapebas,Brazil,BR,-6.11784,-50.0034
CKY,Ahmed Sékou Touré International Airport,Conakry,Guinea,GN,9.57689,-13.612
CKZ,Çanakkale Airport,Çanakkale,Turkey,TR,40.1377,26.4268
CLD,McClellan-Palomar Airport,Carlsbad,United States,US,33.1283,-117.28
CLE,Cleveland Hopkins International Airport,Cleveland,United States,US,41.4117,-81.8498
CLJ,Avram Iancu Cluj International Airport,Cluj-Napoca,Romania,RO,46.786,23.6857
CLL,Easterwood Field,College Station,United States,US,30.5886,-96.3638
CLO,Alfonso Bonilla Aragon International Airport,Cali,Colombia,CO,3.54272,-76.3819
CLQ,Licenciado Miguel de la Madrid International Airport,Colima,Mexico,MX,19.277,-103.577
CLT,Charlotte Douglas International Airport,Charlotte,United States,US,35.214,-80.9431
CLY,Calvi Sainte Catherine Airport,Calvi,France,FR,42.5304,8.79298
CMA,Cunnamulla Airport,Cunnamulla Airport,Australia,AU,-28.03,145.622
CMB,Bandaranaike International Colombo Airport,Colombo,Sri Lanka,LK,7.18076,79.8841
CME,Ciudad del Carmen International Airport,Ciudad del Carmen,Mexico,MX,18.6515,-91.7994
CMF,Chambéry Aix les Bains airport,Chambéry,France,FR,45.6381,5.88023
CMG,Corumbá International Airport,Corumbá,Brazil,BR,-19.0119,-57.6728
CMH,John Glenn Columbus International Airport,Columbus,United States,US,39.998,-82.8919
CMI,University of Illinois Willard Airport,Savoy,United States,US,40.0398,-88.2762
CMN,Mohammed V International Airport,Casablanca,Morocco,MA,33.3675,-7.58997
CMU,Chimbu Airport,Kundiawa,Papua New Guinea,PG,-6.02429,144.971
CMW,Ignacio Agramonte International Airport,Camaguey,Cuba,CU,21.4199,-77.848
CMX,Houghton County Memorial Airport,Hancock,United States,US,47.1684,-88.4891
CNB,Coonamble Airport,Coonamble Airport,Australia,AU,-30.9809,148.378
CND,Mihail Kogălniceanu International Airport,Constanța,Romania,RO,44.3622,28.4883
CNF,Tancredo Neves International Airport,Belo Horizonte,Brazil,BR,-19.6357,-43.9669
CNJ,Cloncurry Airport,Cloncurry,Australia,AU,-20.6686,140.504
CNM,Cavern City Air Terminal,Carlsbad,United States,US,32.3375,-104.263
CNN,Kannur International Airport,Kannur,India,IN,11.9163,75.545
CNP,Neerlerit Inaat Airport,Neerlerit Inaat,Greenland,GL,70.7431,-22.6505
CNQ,Corrientes Airport,Corrientes,Argentina,AR,-27.4455,-58.7619
CNS,Cairns International Airport,Cairns,Australia,AU,-16.8789,145.749
CNX,Chiang Mai International Airport,Chiang Mai,Thailand,TH,18.7668,98.9626
CNY,Canyonlands Regional Airport,Moab,United States,US,38.755,-109.755
COD,Yellowstone Regional Airport,Cody,United States,US,44.5202,-109.024
COK,Cochin International Airport,Kochi,India,IN,10.151,76.4008
COO,Cotonou Cadjehoun International Airport,Cotonou,Benin,BJ,6.35723,2.38435
COQ,Choibalsan Airport,Choibalsan Airport,Mongolia,MN,48.1354,114.647
COR,Ingeniero Aeronáutico Ambrosio L.V. Taravella International Airport,Cordoba,Argentina,AR,-31.3123,-64.2083
COS,City of Colorado Springs Municipal Airport,Colorado Springs,United States,US,38.8058,-104.701
COU,Columbia Regional Airport,Columbia,United States,US,38.8181,-92.2196
COV,Çukurova International Airport,Tarsus,Turkey,TR,36.8915,35.0712
CPC,Aviador C. Campos Airport,Chapelco/San Martin de los Andes,Argentina,AR,-40.0754,-71.1373
CPD,Coober Pedy Airport,Coober Pedy,Australia,AU,-29.0383,134.722
CPE,Ingeniero Alberto Acuña Ongay International Airport,Campeche,Mexico,MX,19.816,-90.5001
CPH,Copenhagen Kastrup Airport,Copenhagen,Denmark,DK,55.6179,12.656
CPO,Desierto de Atacama Airport,Copiapo,Chile,CL,-27.2612,-70.7792
CPR,Casper-Natrona County International Airport,Casper,United States,US,42.9074,-106.462
CPT,Cape Town International Airport,Cape Town,South Africa,ZA,-33.974,18.6043
CPV,Presidente João Suassuna Airport,Campina Grande,Brazil,BR,-7.26966,-35.8961
CPX,Benjamin Rivera Noriega Airport,Culebra,Puerto Rico,PR,18.313,-65.3039
CQW,Chongqing Xiannüshan Airport,Wulong,China,CN,29.4657,107.694
CRA,Craiova International Airport,Craiova,Romania,RO,44.3181,23.8886
CRD,General Enrique Mosconi International Airport,Comodoro Rivadavia,Argentina,AR,-45.7869,-67.4634
CRI,Colonel Hill Airport,Colonel Hill,Bahamas,BS,22.7456,-74.1824
CRK,Clark International Airport / Clark Air Base,Mabalacat,Philippines,PH,15.186,120.56
CRL,Brussels South Charleroi Airport,Charleroi,Belgium,BE,50.462,4.45956
CRM,Catarman National Airport,Catarman,Philippines,PH,12.5016,124.635
CRP,Corpus Christi International Airport,Corpus Christi,United States,US,27.7704,-97.5012
CRV,Crotone Sant'Anna Pythagoras Airport,Isola di Capo Rizzuto (KR),Italy,IT,38.9972,17.0802
CRW,Yeager Airport,Charleston,United States,US,38.3731,-81.5932
CRZ,Türkmenabat International Airport,Türkmenabat,Turkmenistan,TM,38.9307,63.564
CSG,Columbus Airport,Columbus,United States,US,32.5164,-84.9396
CSK,Cap Skirring Airport,Cap Skirring,Senegal,SN,12.3953,-16.748
CSW,Cabo San Lucas International Airport,Cabo San Lucas,Mexico,MX,22.9491,-109.939
CSX,Changsha Huanghua International Airport,Changsha (Changsha),China,CN,28.1892,113.22
CSY,Cheboksary Airport,Cheboksary,Russia,RU,56.0903,47.3473
CTA,Catania-Fontanarossa Airport,Catania,Italy,IT,37.4668,15.0664
CTC,Coronel Felipe Varela International Airport,Catamarca,Argentina,AR,-28.5931,-65.7512
CTD,Alonso Valderrama Airport,Chitré,Panama,PA,7.98784,-80.4098
CTG,Rafael Nuñez International Airport,Cartagena,Colombia,CO,10.4424,-75.513
CTL,Charleville Airport,Charleville,Australia,AU,-26.4133,146.262
CTM,Chetumal International Airport,Chetumal,Mexico,MX,18.505,-88.328
CTN,Cooktown Airport,Cooktown Airport,Australia,AU,-15.4436,145.183
CTS,New Chitose Airport,Sapporo,Japan,JP,42.7748,141.69
CTU,Chengdu Shuangliu International Airport,Chengdu (Shuangliu),China,CN,30.5583,103.946
CUC,Camilo Daza International Airport,Cúcuta,Colombia,CO,7.92757,-72.5115
CUE,Mariscal Lamar Airport,Cuenca,Ecuador,EC,-2.88947,-78.9844
CUF,Cuneo International Airport,Levaldigi (CN),Italy,IT,44.5475,7.62305
CUK,Caye Caulker Airport,Caye Caulker,Belize,BZ,17.735,-88.0329
CUL,Bachigualato Federal International Airport,Culiacán,Mexico,MX,24.765,-107.475
CUM,Antonio José de Sucre Airport,Cumaná,Venezuela,VE,10.4503,-64.1305
CUN,Cancún International Airport,Cancún,Mexico,MX,21.0408,-86.8735
CUP,General Francisco Bermúdez Airport,Carúpano,Venezuela,VE,10.66,-63.2617
CUQ,Coen Airport,Coen,Australia,AU,-13.7611,143.113
CUR,Hato International Airport,Willemstad,Curaçao,CW,12.1889,-68.9598
CUU,General Roberto Fierro Villalobos International Airport,Chihuahua,Mexico,MX,28.7026,-105.964
CUZ,Alejandro Velasco Astete International Airport,Cusco,Peru,PE,-13.5357,-71.9388
CVG,Cincinnati Northern Kentucky International Airport,Cincinnati / Covington,United States,US,39.0488,-84.6678
CVM,General Pedro Jose Mendez International Airport,Ciudad Victoria,Mexico,MX,23.7033,-98.9565
CVN,Clovis Municipal Airport,Clovis,United States,US,34.4266,-103.079
CVQ,Carnarvon Airport,Carnarvon,Australia,AU,-24.8843,113.666
CWA,Central Wisconsin Airport,Mosinee,United States,US,44.7774,-89.6702
CWB,Curitiba-Afonso Pena International Airport,Curitiba,Brazil,BR,-25.5285,-49.1758
CWC,Chernivtsi International Airport,Chernivtsi,Ukraine,UA,48.2593,25.9808
CWJ,Cangyuan Washan Airport,Lincang (Cangyuan),China,CN,23.2763,99.3732
CWL,Cardiff International Airport,Cardiff,United Kingdom,GB,51.3967,-3.34333
CXB,Cox's Bazar Airport,Cox's Bazar,Bangladesh,BD,21.4575,91.9633
CXI,Cassidy International Airport,Kiritimati,Kiribati,KI,1.98628,-157.35
CXJ,Hugo Cantergiani Regional Airport,Caxias Do Sul,Brazil,BR,-29.1972,-51.1876
CXP,Tunggul Wulung Airport,Cilacap,Indonesia,ID,-7.64506,109.034
CXR,Cam Ranh International Airport / Cam Ranh Air Base,Nha Trang/nha Trang aiurportCam Ranh,Vietnam,VN,11.9982,109.219
CYA,Antoine-Simon International Airport,Les Cayes,Haiti,HT,18.2711,-73.7883
CYB,Charles Kirkconnell International Airport,West End,Cayman Islands,KY,19.687,-79.8828
CYC,Caye Chapel Airport,Caye Chapel,Belize,BZ,17.6838,-88.045
CYI,Chiayi Airport,Shuishang,Taiwan,TW,23.4626,120.391
CYO,Vilo Acuña International Airport,Cayo Largo del Sur,Cuba,CU,21.6165,-81.546
CYP,Calbayog Airport,Calbayog City,Philippines,PH,12.0726,124.545
CYS,Cheyenne Regional Jerry Olson Field,Cheyenne,United States,US,41.1557,-104.812
CYX,Cherskiy Airport,Cherskiy,Russia,RU,68.7406,161.338
CYZ,Cauayan Airport,Cauayan City,Philippines,PH,16.9299,121.753
CZE,José Leonardo Chirinos Airport,Coro,Venezuela,VE,11.4149,-69.6809
CZH,Corozal Airport,Corozal,Belize,BZ,18.3822,-88.4119
CZL,Mohamed Boudiaf International Airport,Constantine,Algeria,DZ,36.276,6.62039
CZM,Cozumel International Airport,Cozumel,Mexico,MX,20.5149,-86.9285
CZS,Cruzeiro do Sul Airport,Cruzeiro Do Sul,Brazil,BR,-7.59991,-72.7695
CZU,Las Brujas Airport,Corozal,Colombia,CO,9.33274,-75.2856
CZX,Changzhou Benniu International Airport,Changzhou,China,CN,31.9205,119.775
DAB,Daytona Beach International Airport,Daytona Beach,United States,US,29.1825,-81.0595
DAC,Hazrat Shahjalal International Airport,Dhaka,Bangladesh,BD,23.8433,90.3978
DAD,Da Nang International Airport,Da Nang,Vietnam,VN,16.0439,108.199
DAL,Dallas Love Field,Dallas,United States,US,32.8448,-96.8477
DAM,Damascus International Airport,Damascus,Syria,SY,33.4115,36.5156
DAR,Julius Nyerere International Airport,Dar es Salaam,Tanzania,TZ,-6.8735,39.2073
DAT,Datong Yungang International Airport,Datong,China,CN,40.0614,113.481
DAU,Daru Airport,Daru,Papua New Guinea,PG,-9.08676,143.208
DAV,Enrique Malek International Airport,David,Panama,PA,8.38898,-82.4364
DAY,James M. Cox Dayton International Airport,Dayton,United States,US,39.9024,-84.2194
DBB,El Alamein International Airport,El Alamein,Egypt,EG,30.9243,28.4616
DBC,Baicheng Chang'an Airport,Baicheng,China,CN,45.5053,123.02
DBO,Dubbo City Regional Airport,Dubbo,Australia,AU,-32.2167,148.575
DBQ,Dubuque Regional Airport,Dubuque,United States,US,42.402,-90.7095
DBR,Darbhanga Airport,Darbhanga,India,IN,26.1928,85.9169
DBV,Dubrovnik Ruđer Bošković Airport,Dubrovnik,Croatia,HR,42.5622,18.2655
DCA,Ronald Reagan Washington National Airport,Washington,United States,US,38.8521,-77.0377
DCF,Canefield Airport,Canefield,Dominica,DM,15.3367,-61.3921
DCM,Castres Mazamet Airport,Castres,France,FR,43.5563,2.28918
DCY,Daocheng Yading Airport,Garzê (Daocheng),China,CN,29.3163,100.06
DDC,Dodge City Regional Airport,Dodge City,United States,US,37.7634,-99.9656
DDG,Dandong Langtou International Airport,Dandong (Zhenxing),China,CN,40.0255,124.287
DDR,Shigatse Tingri Airport,Xigazê (Dingri),China,CN,28.6046,86.798
DEA,Dera Ghazi Khan Airport,Dera Ghazi Khan,Pakistan,PK,29.961,70.4859
DEB,Debrecen International Airport,Debrecen,Hungary,HU,47.4895,21.6163
DEC,Decatur Airport,Decatur,United States,US,39.8346,-88.8657
DED,Dehradun Jolly Grant Airport,Dehradun (Jauligrant),India,IN,30.1892,78.1767
DEF,Dezful Airport,Dezful,Iran,IR,32.4344,48.3976
DEL,Indira Gandhi International Airport,New Delhi,India,IN,28.5556,77.0952
DEN,Denver International Airport,Denver,United States,US,39.86,-104.674
DFW,Dallas Fort Worth International Airport,Dallas-Fort Worth,United States,US,32.8968,-97.038
DGA,Dangriga Airport,Dangriga,Belize,BZ,16.9825,-88.231
DGO,General Guadalupe Victoria International Airport,Durango,Mexico,MX,24.1255,-104.528
DGT,Sibulan Airport,Dumaguete City,Philippines,PH,9.33418,123.302
DHM,Kangra Airport,Kangra,India,IN,32.1649,76.263
DHN,Dothan Regional Airport,Dothan,United States,US,31.3213,-85.4496
DHX,Dhoho International Airport,Kediri,Indonesia,ID,-7.74953,111.947
DIA,Doha International Airport,Doha,Qatar,QA,25.2594,51.5655
DIB,Dibrugarh Airport,Dibrugarh,India,IN,27.4839,95.0169
DIE,Arrachart Airport,Antisiranana,Madagascar,MG,-12.3494,49.2917
DIG,Diqing Shangri-La Airport,Diqing (Shangri-La),China,CN,27.7936,99.6772
DIJ,Dijon Longvic airport,Dijon,France,FR,47.2689,5.09
DIK,Dickinson Theodore Roosevelt Regional Airport,Dickinson,United States,US,46.7975,-102.802
DIL,Presidente Nicolau Lobato International Airport,Dili,Timor-Leste,TL,-8.54656,125.525
DIN,Dien Bien Phu Airport,Dien Bien Phu,Vietnam,VN,21.3975,103.008
DIR,Aba Tenna Dejazmach Yilma International Airport,Dire Dawa,Ethiopia,ET,9.62355,41.855
DIY,Diyarbakır Airport,Diyarbakır,Turkey,TR,37.8939,40.201
DJE,Djerba Zarzis International Airport,Mellita,Tunisia,TN,33.8737,10.7773
DJG,Tiska Djanet Airport,Djanet,Algeria,DZ,24.2854,9.46365
DJJ,Dortheys Hiyo Eluay International Airport,Sentani,Indonesia,ID,-2.57963,140.52
DKA,Umaru Musa Yar'adua Airport,Katsina,Nigeria,NG,13.0078,7.66045
DKR,Léopold Sédar Senghor International Airport,Dakar,Senegal,SN,14.7423,-17.4792
DLA,Douala International Airport,Douala,Cameroon,CM,4.00608,9.71948
DLC,Dalian Zhoushuizi International Airport,Dalian (Ganjingzi),China,CN,38.9657,121.538
DLE,Dole Tavaux Airport,Dole,France,FR,47.039,5.42759
DLG,Dillingham Airport,Dillingham,United States,US,59.0447,-158.505
DLH,Duluth International Airport,Duluth,United States,US,46.8419,-92.1987
DLI,Lien Khuong Airport,Da Lat,Vietnam,VN,11.7506,108.367
DLM,Dalaman International Airport,Dalaman,Turkey,TR,36.7131,28.7925
DLU,Dali Fengyi Airport,Dali (Xiaguan),China,CN,25.6494,100.319
DLZ,Dalanzadgad Airport,Dalanzadgad,Mongolia,MN,43.6086,104.368
DMB,Taraz International Airport,Taraz,Kazakhstan,KZ,42.8536,71.3036
DME,Domodedovo International Airport,Moscow,Russia,RU,55.4088,37.9063
DMK,Don Mueang International Airport,Bangkok,Thailand,TH,13.9126,100.607
DMM,King Fahd International Airport,Ad Dammam,Saudi Arabia,SA,26.4691,49.7982
DMU,Dimapur Airport,Dimapur,India,IN,25.8839,93.7711
DND,Dundee Airport,Dundee,United Kingdom,GB,56.4525,-3.02583
DNH,Dunhuang Mogao International Airport,Dunhuang,China,CN,40.162,94.8128
DNK,Dnipro International Airport,Dnipro,Ukraine,UA,48.3572,35.1006
DNR,Dinard Pleurtuit Saint-Malo airport,Dinard,France,FR,48.5877,-2.07996
DNZ,Çardak Airport,Denizli,Turkey,TR,37.7856,29.7013
DOD,Dodoma Airport,Dodoma,Tanzania,TZ,-6.17056,35.756
DOG,Dongola Airport,Dongola,Sudan,SD,19.1537,30.4301
DOH,Hamad International Airport,Doha,Qatar,QA,25.2731,51.6081
DOL,Deauville Normandie airport,Deauville,France,FR,49.3652,0.154481
DOM,Douglas-Charles Airport,Marigot,Dominica,DM,15.5467,-61.3011
DOV,Dover Civil Air Terminal/Dover Air Force Base,Dover,United States,US,39.1295,-75.466
DOY,Dongying Shengli Airport,Dongying (Kenli),China,CN,37.5014,118.79
DPL,Dipolog Airport,Dipolog,Philippines,PH,8.60198,123.342
DPO,Devonport Airport,Devonport,Australia,AU,-41.1697,146.43
DPS,Denpasar I Gusti Ngurah Rai International Airport,"Kuta, Badung",Indonesia,ID,-8.74841,115.167
DQM,Duqm International Airport,Duqm,Oman,OM,19.5019,57.6342
DRG,Deering Airport,Deering,United States,US,66.0689,-162.767
DRO,Durango La Plata County Airport,Durango,United States,US,37.1515,-107.754
DRP,Bicol International Airport,Legazpi,Philippines,PH,13.1119,123.677
DRS,Dresden Airport,Dresden,Germany,DE,51.1341,13.7678
DRW,Darwin International Airport / RAAF Darwin,Darwin,Australia,AU,-12.415,130.882
DSI,Destin Executive Airport,Destin,United States,US,30.4001,-86.4715
DSM,Des Moines International Airport,Des Moines,United States,US,41.534,-93.6567
DSN,Ordos Ejin Horo International Airport,Ordos,China,CN,39.4935,109.86
DSO,Sondok Airport,Sŏndŏng-ni,North Korea,KP,39.7452,127.474
DSS,Blaise Diagne International Airport,Dakar,Senegal,SN,14.6709,-17.0728
DSY,Dara Sakor International Airport,Ta Noun,Cambodia,KH,10.9142,103.227
DTM,Dortmund Airport,Dortmund,Germany,DE,51.5183,7.61224
DTU,Wudalianchi Dedu Airport,Heihe,China,CN,48.441,126.128
DTW,Detroit Metropolitan Wayne County Airport,Detroit,United States,US,42.2138,-83.3538
DUB,Dublin Airport,Dublin,Ireland,IE,53.4287,-6.26212
DUD,Dunedin International Airport,Dunedin,New Zealand,NZ,-45.929,170.198
DUE,Dundo Airport,Chitato,Angola,AO,-7.40089,20.8185
DUJ,DuBois Regional Airport,Dubois,United States,US,41.1783,-78.8987
DUM,Pinang Kampai Airport,Dumai,Indonesia,ID,1.60903,101.433
DUR,King Shaka International Airport,Durban,South Africa,ZA,-29.6144,31.1197
DUS,Düsseldorf Airport,Düsseldorf,Germany,DE,51.2895,6.76678
DUT,Tom Madsen (Dutch Harbor) Airport,Unalaska,United States,US,53.8988,-166.545
DVL,Devils Lake Regional Airport,Devils Lake,United States,US,48.1155,-98.9088
DVO,Francisco Bangoy International Airport,Davao,Philippines,PH,7.12552,125.646
DWC,Al Maktoum International Airport,Dubai(Jebel Ali),United Arab Emirates,AE,24.8962,55.1624
DWD,Dawadmi Domestic Airport,Dawadmi,Saudi Arabia,SA,24.4499,44.1212
DXB,Dubai International Airport,Dubai,United Arab Emirates,AE,25.2498,55.371
DXN,Noida International Airport,Gautam Buddha Nagar,India,IN,28.1799,77.6118
DYG,Zhangjiajie Hehua International Airport,Zhangjiajie (Yongding),China,CN,29.1047,110.443
DYR,Ugolny Yuri Ryktheu Airport,Anadyr,Russia,RU,64.7349,177.741
DYU,Dushanbe International Airport,Dushanbe,Tajikistan,TJ,38.5437,68.823
DZA,Dzaoudzi Pamandzi International Airport,Dzaoudzi,Mayotte,YT,-12.8093,45.2818
DZH,Dazhou Jinya Airport,Dazhou (Dachuan),China,CN,31.0488,107.436
DZN,Zhezkazgan National Airport,Zhezkazgan,Kazakhstan,KZ,47.709,67.7381
EAM,Najran Domestic Airport,Najran,Saudi Arabia,SA,17.6114,44.4192
EAR,Kearney Regional Airport,Kearney,United States,US,40.727,-99.0068
EAS,San Sebastián Airport,Hondarribia,Spain,ES,43.3565,-1.79061
EAT,Pangborn Memorial Airport,Wenatchee,United States,US,47.3989,-120.207
EAU,Chippewa Valley Regional Airport,Eau Claire,United States,US,44.8658,-91.4843
EBA,Marina di Campo Airport,Campo nell'Elba (LI),Italy,IT,42.7609,10.2398
EBB,Entebbe International Airport,Entebbe,Uganda,UG,0.042386,32.4435
EBD,El-Obeid Airport,El-Obeid,Sudan,SD,13.1532,30.2327
EBJ,Esbjerg Airport,Esbjerg,Denmark,DK,55.5259,8.5534
EBL,Erbil International Airport,Arbil,Iraq,IQ,36.236,43.9466
ECN,Ercan International Airport,Tymbou (Kirklar),Cyprus,CY,35.1531,33.5074
ECP,Northwest Florida Beaches International Airport,Panama City Beach,United States,US,30.3571,-85.7954
EDI,Edinburgh Airport,"Ingliston, Edinburgh",United Kingdom,GB,55.9501,-3.37229
EDL,Eldoret International Airport,Eldoret,Kenya,KE,0.404458,35.2389
EDO,Balıkesir Koca Seyit Airport,Edremit,Turkey,TR,39.5525,27.0102
EFL,Kefallinia Airport,Kefallinia Island,Greece,GR,38.1201,20.5005
EGC,Bergerac Dordogne-Périgord airport,Bergerac,France,FR,44.8253,0.518611
EGE,Eagle County Regional Airport,Eagle,United States,US,39.6426,-106.918
EGO,Belgorod International Airport,Belgorod,Russia,RU,50.6438,36.5901
EGS,Egilsstaðir Airport,Egilsstaðir,Iceland,IS,65.2833,-14.4014
EGX,Egegik Airport,Egegik,United States,US,58.1844,-157.375
EHU,Ezhou Huahu International Airport,Ezhou,China,CN,30.3412,115.039
EIE,Yeniseysk Airport,Yeniseysk,Russia,RU,58.4742,92.1125
EIN,Eindhoven Airport,Eindhoven,Netherlands,NL,51.4501,5.37453
EIS,Terrance B. Lettsome International Airport,Beef Island,British Virgin Islands,VG,18.4455,-64.5417
EJA,Yariguíes Airport,Barrancabermeja,Colombia,CO,7.02433,-73.8068
EJH,Al Wajh Domestic Airport,Al Wajh,Saudi Arabia,SA,26.1986,36.4764
EKO,Elko Regional Airport,Elko,United States,US,40.8249,-115.792
ELC,Elcho Island Airport,Elcho Island,Australia,AU,-12.0194,135.571
ELD,South Arkansas Regional Airport at Goodwin Field,El Dorado,United States,US,33.221,-92.8133
ELF,El Fasher Airport,El Fasher,Sudan,SD,13.6149,25.3246
ELG,El Golea Airport,El Menia,Algeria,DZ,30.5807,2.86159
ELH,North Eleuthera Airport,North Eleuthera,Bahamas,BS,25.4758,-76.6808
ELM,Elmira Corning Regional Airport,Elmira/Corning,United States,US,42.1599,-76.8916
ELP,El Paso International Airport,El Paso,United States,US,31.8099,-106.376
ELQ,Prince Naif bin Abdulaziz International Airport,Qassim,Saudi Arabia,SA,26.3028,43.7744
ELS,King Phalo Airport,East London,South Africa,ZA,-33.0356,27.8259
ELU,Guemar Airport - مطار قمار بالوادي,Guemar,Algeria,DZ,33.5114,6.77679
EMA,East Midlands Airport,"Nottingham, Leicestershire",United Kingdom,GB,52.8311,-1.32806
EMD,Emerald Airport,Emerald,Australia,AU,-23.5675,148.179
EMK,Emmonak Airport,Emmonak,United States,US,62.7861,-164.491
ENA,Kenai Municipal Airport,Kenai,United States,US,60.5709,-151.245
ENF,Enontekio Airport,Enontekio,Finland,FI,68.3626,23.4243
ENH,Enshi Xujiaping Airport,Enshi (Enshi),China,CN,30.3203,109.485
ENO,Teniente Ramon A. Ayub Gonzalez International Airport,Encarnación,Paraguay,PY,-27.2275,-55.8376
ENU,Akanu Ibiam International Airport,Enegu,Nigeria,NG,6.47372,7.56046
ENY,Yan'an Nanniwan Airport,Yan'an (Baota),China,CN,36.4794,109.464
EOH,Enrique Olaya Herrera Airport,Medellín,Colombia,CO,6.21969,-75.5906
EOI,Eday Airport,Eday,United Kingdom,GB,59.1906,-2.77222
EPR,Esperance Airport,Esperance,Australia,AU,-33.6844,121.823
EPU,Pärnu Airport,Pärnu,Estonia,EE,58.419,24.4728
EQS,Esquel Brigadier Antonio Parodi International Airport,Esquel,Argentina,AR,-42.908,-71.1395
ERC,Erzincan Airport,Erzincan,Turkey,TR,39.7102,39.527
ERF,Erfurt-Weimar Airport,Erfurt,Germany,DE,50.9783,10.9607
ERH,Moulay Ali Cherif Airport,Errachidia,Morocco,MA,31.9475,-4.39833
ERI,Erie International Tom Ridge Field,Erie,United States,US,42.0831,-80.1739
ERL,Erenhot Saiwusu International Airport,Erenhot,China,CN,43.4241,112.091
ERS,Eros Airport,Windhoek,Namibia,NA,-22.6049,17.079
ERZ,Erzurum International Airport,Erzurum,Turkey,TR,39.9565,41.1702
ESB,Esenboğa International Airport,Ankara,Turkey,TR,40.1281,32.9951
ESC,Delta County Airport,Escanaba,United States,US,45.7232,-87.0886
ESD,Orcas Island Airport,Eastsound,United States,US,48.7082,-122.91
ESL,Elista Airport,Elista,Russia,RU,46.3739,44.3309
ESM,Carlos Concha Torres International Airport,Tachina,Ecuador,EC,0.978519,-79.6266
ESR,Ricardo García Posada Airport,El Salvador,Chile,CL,-26.3111,-69.7652
ESU,Essaouira-Mogador Airport,Essaouira,Morocco,MA,31.3975,-9.68167
ETM,Ramon International Airport,Eilat,Israel,IL,29.727,35.0141
ETR,Santa Rosa - Artillery Colonel Victor Larrea International Airport,Santa Rosa,Ecuador,EC,-3.44199,-79.997
ETZ,Metz-Nancy-Lorraine Airport,Goin,France,FR,48.9821,6.25132
EUG,Eugene Airport,Eugene,United States,US,44.1246,-123.212
EUN,Laayoune Hassan I International Airport,El Aaiún,Western Sahara (disputed territory),EH,27.1425,-13.2249
EUX,F. D. Roosevelt Airport,Oranjestad,Caribbean Netherlands,BQ,17.4965,-62.9794
EVE,Harstad/Narvik Airport,Evenes,Norway,NO,68.4913,16.6781
EVN,Zvartnots International Airport,Yerevan,Armenia,AM,40.1489,44.3979
EVV,Evansville Regional Airport,Evansville,United States,US,38.037,-87.5324
EWB,New Bedford Regional Airport,New Bedford,United States,US,41.6761,-70.9569
EWN,Coastal Carolina Regional Airport,New Bern,United States,US,35.073,-77.0429
EWR,Newark Liberty International Airport,Newark,United States,US,40.6894,-74.1705
EXT,Exeter International Airport,"Exeter, Devon",United Kingdom,GB,50.7343,-3.41398
EYK,Beloyarskiy Airport,Beloyarskiy Airport,Russia,RU,63.6869,66.6986
EYP,El Alcaravan - Yopal Airport,Yopal,Colombia,CO,5.31911,-72.384
EYW,Key West International Airport,Key West,United States,US,24.5561,-81.7596
EZE,Ezeiza International Airport - Ministro Pistarini,Buenos Aires (Ezeiza),Argentina,AR,-34.8222,-58.5358
EZS,Elazığ Airport,Elazığ,Turkey,TR,38.598,39.2835
FAE,Vágar Airport,Vágar,Faroe Islands,FO,62.0633,-7.27578
FAI,Fairbanks International Airport,Fairbanks,United States,US,64.8151,-147.856
FAO,Faro - Gago Coutinho International Airport,Faro,Portugal,PT,37.0159,-7.97094
FAR,Hector International Airport,Fargo,United States,US,46.9207,-96.8158
FAT,Fresno Yosemite International Airport,Fresno,United States,US,36.7758,-119.718
FAV,Fakarava Airport,Fakarava Airport,French Polynesia,PF,-16.0541,-145.657
FAY,Fayetteville Regional Airport - Grannis Field,Fayetteville,United States,US,34.9912,-78.8803
FBM,Lubumbashi International Airport,Lubumbashi,Democratic Republic of the Congo,CD,-11.5915,27.5308
FCA,Glacier Park International Airport,Kalispell,United States,US,48.3105,-114.256
FCN,Sea-Airport Cuxhaven/Nordholz / Nordholz Naval Airbase,Wurster Nordseeküste,Germany,DE,53.7677,8.6592
FCO,Rome–Fiumicino Leonardo da Vinci International Airport,Rome,Italy,IT,41.8045,12.252
FDF,Martinique Aimé Césaire International Airport,Fort-de-France,Martinique,MQ,14.591,-61.0032
FDH,Bodensee Airport Friedrichshafen,Friedrichshafen,Germany,DE,47.6713,9.51149
FDU,Bandundu Airport,Bandundu,Democratic Republic of the Congo,CD,-3.31132,17.3817
FEG,Fergana International Airport,Fergana,Uzbekistan,UZ,40.3588,71.745
FEN,Fernando de Noronha Airport,Fernando de Noronha,Brazil,BR,-3.85453,-32.423
FEZ,Fes Saïss International Airport,Saïss,Morocco,MA,33.9273,-4.97796
FGU,Fangatau Airport,Fangatau,French Polynesia,PF,-15.82,-140.888
FIH,Ndjili International Airport,Kinshasa,Democratic Republic of the Congo,CD,-4.38575,15.4446
FIZ,Fitzroy Crossing Airport,Fitzroy Crossing Airport,Australia,AU,-18.1836,125.56
FJR,Fujairah International Airport,Fujairah,United Arab Emirates,AE,25.1084,56.3281
FKB,Karlsruhe Baden-Baden Airport,Rheinmünster,Germany,DE,48.7794,8.0805
FKI,Bangoka International Airport,Kisangani,Democratic Republic of the Congo,CD,0.481639,25.338
FKQ,Fakfak Airport,Fakfak,Indonesia,ID,-2.92051,132.267
FKS,Fukushima Airport,Sukagawa,Japan,JP,37.2274,140.431
FLA,Gustavo Artunduaga Paredes Airport,Florencia,Colombia,CO,1.58919,-75.5644
FLG,Flagstaff Pulliam Airport,Flagstaff,United States,US,35.1398,-111.67
FLL,Fort Lauderdale Hollywood International Airport,Fort Lauderdale,United States,US,26.0726,-80.1527
FLN,Hercílio Luz International Airport,Florianópolis,Brazil,BR,-27.6703,-48.5525
FLO,Florence Regional Airport,Florence,United States,US,34.1854,-79.7239
FLR,"Florence Airport, Peretola",Firenze (FI),Italy,IT,43.8086,11.2028
FLW,Flores Airport,Santa Cruz das Flores,Portugal,PT,39.4553,-31.1314
FLZ,Dr. Ferdinand Lumban Tobing Airport,Sibolga (Pinangsori),Indonesia,ID,1.55713,98.8871
FMA,Formosa National Airport,Formosa,Argentina,AR,-26.2127,-58.2281
FMI,Kalemie Airport,Kalemie,Democratic Republic of the Congo,CD,-5.87556,29.25
FMM,Memmingen Allgau Airport,Memmingen,Germany,DE,47.9881,10.2382
FMO,Münster Osnabrück Airport,Greven,Germany,DE,52.1338,7.68848
FNA,Lungi International Airport,Freetown (Lungi-Town),Sierra Leone,SL,8.61644,-13.1955
FNC,Cristiano Ronaldo International Airport,Funchal,Portugal,PT,32.6978,-16.7746
FNI,Nîmes-Arles-Camargue Airport,Nîmes/Garons,France,FR,43.7574,4.41635
FNJ,Pyongyang Sunan International Airport,Pyongyang,North Korea,KP,39.2241,125.67
FNT,Bishop International Airport,Flint,United States,US,42.9693,-83.7434
FOC,Fuzhou Changle International Airport,Fuzhou (Changle),China,CN,25.9293,119.673
FOD,Fort Dodge Regional Airport,Fort Dodge,United States,US,42.5526,-94.1912
FOG,Foggia Gino Lisa Airport,Foggia (FG),Italy,IT,41.4336,15.5346
FON,La Fortuna Arenal Airport,La Fortuna,Costa Rica,CR,10.4693,-84.5791
FOR,Pinto Martins International Airport,Fortaleza,Brazil,BR,-3.77583,-38.5322
FPO,Grand Bahama International Airport,Freeport,Bahamas,BS,26.558,-78.6956
FRA,Frankfurt Main Airport,Frankfurt am Main,Germany,DE,50.0267,8.55835
FRD,Friday Harbor Airport,Friday Harbor,United States,US,48.5237,-123.025
FRL,Forlì-Luigi Ridolfi International Airport,Forlì (FC),Italy,IT,44.1948,12.0701
FRO,Florø Airport,Florø,Norway,NO,61.5836,5.02472
FRS,Mundo Maya International Airport,San Benito,Guatemala,GT,16.9137,-89.8661
FRW,Phillip Gaonwe Matante International Airport,Francistown,Botswana,BW,-21.1592,27.4688
FSC,Figari Sud-Corse Airport,Figari,France,FR,41.5018,9.09709
FSD,Sioux Falls Regional Airport,Sioux Falls,United States,US,43.5855,-96.7412
FSM,Fort Smith Regional Airport,Fort Smith,United States,US,35.3366,-94.3674
FSP,Saint-Pierre Pointe-Blanche Airport,Saint-Pierre,Saint Pierre and Miquelon,PM,46.7627,-56.175
FSZ,Mount Fuji Shizuoka Airport,Makinohara / Shimada,Japan,JP,34.795,138.191
FTE,El Calafate - Commander Armando Tola International Airport,El Calafate,Argentina,AR,-50.2803,-72.0534
FTU,Tôlanaro Airport,Tôlanaro,Madagascar,MG,-25.0381,46.9561
FTW,Fort Worth Meacham International Airport,Fort Worth,United States,US,32.8199,-97.3608
FUE,Fuerteventura Airport,El Matorral,Spain,ES,28.4527,-13.8638
FUG,Fuyang Xiguan Airport,"Yingzhou, Fuyang",China,CN,32.8822,115.734
FUJ,Fukue Airport,Goto,Japan,JP,32.6663,128.833
FUK,Fukuoka Airport,Fukuoka,Japan,JP,33.5859,130.451
FUN,Funafuti International Airport,Funafuti,Tuvalu,TV,-8.52388,179.197
FUO,Foshan Shadi Airport,Foshan (Nanhai),China,CN,23.0825,113.071
FWA,Fort Wayne International Airport,Fort Wayne,United States,US,40.9789,-85.1945
FYJ,Fuyuan Dongji Airport,Fuyuan,China,CN,48.1972,134.363
FYN,Fuyun Koktokay Airport,Fuyun,China,CN,46.8042,89.512
FYU,Fort Yukon Airport,Fort Yukon,United States,US,66.5717,-145.25
GAJ,Yamagata Airport,Higashine,Japan,JP,38.4119,140.371
GAL,Edward G. Pitka Sr Airport,Galena,United States,US,64.7362,-156.937
GAM,Gambell Airport,Gambell,United States,US,63.7677,-171.733
GAN,Gan International Airport,Gan,Maldives,MV,-0.692975,73.1526
GAQ,Gao International Airport,Gao,Mali,ML,16.2485,-0.005389
GAU,Lokpriya Gopinath Bordoloi International Airport,Guwahati,India,IN,26.1067,91.5852
GAY,Gaya Airport,Gaya,India,IN,24.7443,84.9512
GBB,Gabala International Airport,Gabala,Azerbaijan,AZ,40.8086,47.7254
GBE,Sir Seretse Khama International Airport,Gaborone,Botswana,BW,-24.5552,25.9182
GBJ,Marie-Galante Airport,Grand-Bourg,Guadeloupe,GP,15.8689,-61.2701
GCC,Northeast Wyoming Regional Airport,Gillette,United States,US,44.3489,-105.539
GCH,Gachsaran Airport,Gachsaran,Iran,IR,30.3339,50.8338
GCI,Guernsey Airport,Saint Peter Port,Guernsey,GG,49.435,-2.60197
GCK,Garden City Regional Airport,Garden City,United States,US,37.9275,-100.724
GCM,Owen Roberts International Airport,George Town,Cayman Islands,KY,19.2928,-81.3577
GCN,Grand Canyon National Park Airport,Grand Canyon - Tusayan,United States,US,35.9524,-112.147
GDB,Gondia Airport,Gondia,India,IN,21.5268,80.2903
GDE,Gode Airport,Gode,Ethiopia,ET,5.93513,43.5786
GDL,Guadalajara International Airport,Guadalajara,Mexico,MX,20.5233,-103.31
GDN,Gdańsk Lech Wałęsa Airport,Gdańsk,Poland,PL,54.3776,18.4662
GDQ,Gondar Airport,Azezo,Ethiopia,ET,12.5199,37.434
GDT,JAGS McCartney International Airport,Cockburn Town,Turks and Caicos Islands,TC,21.4445,-71.1423
GDV,Dawson Community Airport,Glendive,United States,US,47.1377,-104.807
GDX,Sokol Airport,Magadan,Russia,RU,59.911,150.72
GDZ,Gelendzhik Airport,Gelendzhik,Russia,RU,44.5821,38.0125
GEA,Nouméa Magenta Airport,Nouméa,New Caledonia,NC,-22.2577,166.473
GEG,Spokane International Airport,Spokane,United States,US,47.6199,-117.534
GEL,Santo Ângelo Airport,Santo Ângelo,Brazil,BR,-28.2825,-54.1696
GEM,President Obiang Nguema International Airport,Mengomeyén,Equatorial Guinea,GQ,1.67644,11.0249
GEO,Cheddi Jagan International Airport,Georgetown,Guyana,GY,6.49855,-58.2541
GER,Rafael Cabrera Airport,Nueva Gerona,Cuba,CU,21.8347,-82.7838
GES,General Santos International Airport,General Santos,Philippines,PH,6.05721,125.096
GET,Geraldton Airport,Moonyoonooka,Australia,AU,-28.7961,114.707
GEV,Gällivare Airport,Gällivare,Sweden,SE,67.1324,20.8146
GFF,Griffith Airport,Griffith,Australia,AU,-34.2508,146.067
GFK,Grand Forks International Airport,Grand Forks,United States,US,47.9493,-97.1761
GGG,East Texas Regional Airport,Longview,United States,US,32.384,-94.7115
GGT,Exuma International Airport,Moss Town,Bahamas,BS,23.5626,-75.878
GGW,Glasgow Valley County Airport Wokal Field,Glasgow,United States,US,48.2125,-106.615
GHA,Noumérat - Moufdi Zakaria Airport,El Atteuf,Algeria,DZ,32.3841,3.79411
GHB,Governor's Harbour Airport,Governor's Harbour,Bahamas,BS,25.2847,-76.331
GHV,Brașov-Ghimbav International Airport,Brașov (Ghimbav),Romania,RO,45.7056,25.5229
GIB,Gibraltar Airport,Gibraltar,Gibraltar,GI,36.1517,-5.34978
GID,Gitega Airport,Gitega,Burundi,BI,-3.41721,29.9113
GIG,Rio Galeão – Tom Jobim International Airport,Rio De Janeiro,Brazil,BR,-22.81,-43.2506
GIL,Gilgit Airport,Gilgit,Pakistan,PK,35.9188,74.3336
GIS,Gisborne Airport,Gisborne,New Zealand,NZ,-38.6633,177.978
GIZ,Jizan Regional Airport / King Abdullah bin Abdulaziz Airport,Jizan,Saudi Arabia,SA,16.9011,42.5858
GJA,La Laguna Airport,Guanaja,Honduras,HN,16.4454,-85.9066
GJL,Jijel Ferhat Abbas Airport,Tahir,Algeria,DZ,36.7941,5.87365
GJT,Grand Junction Regional Airport,Grand Junction,United States,US,39.1267,-108.529
GKA,Goroka Airport,Goronka,Papua New Guinea,PG,-6.08169,145.392
GKN,Gulkana Airport,Gulkana,United States,US,62.1559,-145.455
GLA,Glasgow Airport,Glasgow,United Kingdom,GB,55.8719,-4.43306
GLF,Golfito Airport,Golfito,Costa Rica,CR,8.65401,-83.1822
GLH,Mid Delta Regional Airport,Greenville,United States,US,33.4829,-90.9856
GLT,Gladstone Airport,Gladstone,Australia,AU,-23.8698,151.225
GMA,Gemena Airport,Gemena,Democratic Republic of the Congo,CD,3.23537,19.7713
GMB,Gambela Airport,Gambela,Ethiopia,ET,8.12876,34.5631
GME,Gomel Airport,Gomel,Belarus,BY,52.527,31.0167
GMO,Gombe Lawanti International Airport,Gombe,Nigeria,NG,10.2989,10.9
GMP,Seoul Gimpo International Airport,Seoul,South Korea,KR,37.5583,126.791
GMQ,Golog Maqên Airport,Golog (Maqên),China,CN,34.4181,100.301
GMR,Totegegie Airport,Totegegie Airport,French Polynesia,PF,-23.0799,-134.89
GNB,Grenoble Alpes Isère Airport,Grenoble,France,FR,45.3629,5.32937
GND,Maurice Bishop International Airport,Saint George's,Grenada,GD,12.004,-61.7853
GNJ,Ganja International Airport,Ganja,Azerbaijan,AZ,40.7387,46.3204
GNS,Binaka Airport,Gunungsitoli,Indonesia,ID,1.16627,97.7052
GNV,Gainesville Regional Airport,Gainesville,United States,US,29.6901,-82.2718
GNY,Şanlıurfa GAP Airport,Şanlıurfa,Turkey,TR,37.4457,38.8956
GOA,Genoa Cristoforo Colombo Airport,Genova (GE),Italy,IT,44.412,8.84073
GOH,Nuuk International Airport,Nuuk,Greenland,GL,64.1911,-51.6791
GOI,Goa Dabolim International Airport,Vasco da Gama,India,IN,15.3801,73.8333
GOJ,Nizhny Novgorod / Strigino International Airport,Nizhny Novgorod,Russia,RU,56.2274,43.7852
GOM,Goma International Airport,Goma,Democratic Republic of the Congo,CD,-1.66676,29.238
GOP,Gorakhpur Airport,Gorakhpur,India,IN,26.7397,83.4497
GOQ,Golmud Airport,Golmud,China,CN,36.4006,94.7861
GOT,Göteborg Landvetter Airport,Göteborg,Sweden,SE,57.6628,12.2798
GOU,Garoua International Airport,Garoua,Cameroon,CM,9.33479,13.3721
GOV,Gove Airport,Nhulunbuy,Australia,AU,-12.2694,136.818
GOX,Manohar International Airport,Mopa,India,IN,15.7443,73.8606
GPA,Patras Araxos Agamemnon Airport,Patras,Greece,GR,38.1511,21.4256
GPI,Guapi Airport,Guapi,Colombia,CO,2.57013,-77.898
GPS,Seymour Galapagos Ecological Airport,Isla Baltra,Ecuador,EC,-0.453758,-90.2659
GPT,Gulfport Biloxi International Airport,Gulfport,United States,US,30.4056,-89.0698
GRB,Austin Straubel International Airport,Green Bay,United States,US,44.4835,-88.1308
GRI,Central Nebraska Regional Airport,Grand Island,United States,US,40.9675,-98.3096
GRJ,George Airport,George,South Africa,ZA,-34.0056,22.3789
GRK,Killeen Regional Airport / Robert Gray Army Airfield,Fort Cavazos,United States,US,31.0672,-97.8289
GRO,Girona-Costa Brava Airport,Girona,Spain,ES,41.9046,2.76177
GRQ,Groningen Airport Eelde,Groningen,Netherlands,NL,53.1191,6.57765
GRR,Gerald R. Ford International Airport,Grand Rapids,United States,US,42.8808,-85.5228
GRU,São Paulo/Guarulhos–Governor André Franco Montoro International Airport,São Paulo,Brazil,BR,-23.4313,-46.47
GRV,Akhmat Kadyrov Grozny International Airport,Grozny,Russia,RU,43.3881,45.6998
GRW,Graciosa Airport,Santa Cruz da Graciosa,Portugal,PT,39.0922,-28.0298
GRX,F.G.L. Airport Granada-Jaén Airport,Granada,Spain,ES,37.1887,-3.77736
GRY,Grímsey Airport,Grímsey/Sandvík,Iceland,IS,66.5458,-18.0173
GRZ,Graz Airport,Feldkirchen bei Graz,Austria,AT,46.9911,15.4396
GSM,Qeshm International Airport,Qeshm(Dayrestan),Iran,IR,26.7546,55.9024
GSO,Piedmont Triad International Airport,Greensboro,United States,US,36.0994,-79.9373
GSP,Greenville-Spartanburg International Airport,Greenville/Greer/Spartanburg,United States,US,34.8957,-82.2189
GST,Gustavus Airport,Gustavus,United States,US,58.4253,-135.707
GSV,Gagarin International Airport,Saratov,Russia,RU,51.7128,46.1711
GTE,Groote Eylandt Airport,Groote Eylandt,Australia,AU,-13.9724,136.459
GTF,Great Falls International Airport,Great Falls,United States,US,47.482,-111.371
GTR,Golden Triangle Regional Airport,Columbus/W Point/Starkville,United States,US,33.4503,-88.5914
GUA,La Aurora International Airport,Guatemala City,Guatemala,GT,14.5829,-90.5275
GUC,Gunnison Crested Butte Regional Airport,Gunnison,United States,US,38.5347,-106.935
GUM,Antonio B. Won Pat International Airport,Hagåtña,Guam,GU,13.485,144.797
GUP,Gallup Municipal Airport,Gallup,United States,US,35.5117,-108.788
GUR,Gurney Airport,Gurney,Papua New Guinea,PG,-10.3115,150.334
GUW,Atyrau International Airport,Atyrau,Kazakhstan,KZ,47.1213,51.8203
GVA,Geneva International Airport,Geneva,Switzerland,CH,46.2381,6.10895
GVR,Coronel Altino Machado Airport,Governador Valadares,Brazil,BR,-18.8959,-41.9829
GWD,New Gwadar International Airport,Gurandani,Pakistan,PK,25.2967,62.4988
GWL,Gwalior Airport,Gwalior,India,IN,26.2933,78.2278
GWT,Westerland Sylt Airport,Sylt,Germany,DE,54.9132,8.34047
GXF,Seiyun Hadhramaut International Airport,Seiyun,Yemen,YE,15.9659,48.7881
GXG,Negage Airport,Negage,Angola,AO,-7.75451,15.2877
GXH,Gannan Xiahe Airport,Gannan (Xiahe),China,CN,34.819,102.622
GYA,Guayaramerín Airport,Guayaramerín,Bolivia,BO,-10.8886,-65.381
GYD,Heydar Aliyev International Airport,Baku,Azerbaijan,AZ,40.4728,50.0509
GYE,José Joaquín de Olmedo International Airport,Guayaquil,Ecuador,EC,-2.15742,-79.8836
GYM,General José María Yáñez International Airport,Guaymas,Mexico,MX,27.969,-110.925
GYN,Santa Genoveva International Airport,Goiânia,Brazil,BR,-16.632,-49.2207
GYS,Guangyuan Panlong Airport,Guangyuan (Lizhou),China,CN,32.3903,105.695
GYU,Guyuan Liupanshan Airport,Guyuan (Yuanzhou),China,CN,36.0789,106.217
GYY,Gary/Chicago International Airport,Gary,United States,US,41.6171,-87.4132
GZP,Gazipaşa-Alanya Airport,Gazipaşa,Turkey,TR,36.2988,32.297
GZT,Gaziantep Oğuzeli International Airport,Gaziantep,Turkey,TR,36.9472,37.4787
HAC,Hachijojima Airport,Hachijojima,Japan,JP,33.1148,139.786
HAD,Halmstad Airport,Halmstad,Sweden,SE,56.6911,12.8202
HAH,Prince Said Ibrahim International Airport,Moroni,Comoros,KM,-11.5337,43.2719
HAJ,Hannover Airport,Hannover,Germany,DE,52.4611,9.68508
HAK,Haikou Meilan International Airport,Haikou (Meilan),China,CN,19.9349,110.459
HAM,Hamburg Helmut Schmidt Airport,Hamburg,Germany,DE,53.6304,9.98823
HAN,Noi Bai International Airport,Hanoi (Soc Son),Vietnam,VN,21.2212,105.807
HAQ,Hanimaadhoo International Airport,Haa Dhaalu Atoll,Maldives,MV,6.74324,73.1671
HAS,Hail International Airport,Hail,Saudi Arabia,SA,27.4379,41.6863
HAU,"Haugesund Airport, Karmøy",Karmøy,Norway,NO,59.3453,5.20836
HAV,José Martí International Airport,Havana,Cuba,CU,22.9892,-82.4091
HBA,Hobart International Airport,Hobart (Cambridge),Australia,AU,-42.837,147.513
HBE,Alexandria International Airport,Alexandria,Egypt,EG,30.9325,29.6964
HBX,Hubballi Airport,Hubballi,India,IN,15.3611,75.0821
HCJ,Hechi Jinchengjiang Airport,Hechi (Jinchengjiang),China,CN,24.8043,107.711
HCR,Holy Cross Airport,Holy Cross,United States,US,62.1883,-159.775
HCZ,Chenzhou Beihu Airport,Chenzhou,China,CN,25.7534,112.845
HDF,Heringsdorf Airport,Zirchow,Germany,DE,53.8787,14.1523
HDG,Handan Airport,Handan,China,CN,36.5248,114.424
HDM,Hamadan Airport,Hamadan,Iran,IR,34.8664,48.5607
HDN,Yampa Valley Airport,Hayden,United States,US,40.4812,-107.218
HDS,Eastgate Airport / Air Force Base Hoedspruit,Hoedspruit,South Africa,ZA,-24.3619,31.0529
HDY,Hat Yai International Airport,Hat Yai,Thailand,TH,6.93321,100.393
HEA,Herat - Khwaja Abdullah Ansari International Airport,Guzara,Afghanistan,AF,34.21,62.2283
HEH,Heho Airport,Heho,Myanmar,MM,20.7471,96.792
HEK,Heihe Aihui Airport,Heihe,China,CN,50.1716,127.309
HEL,Helsinki Vantaa Airport,Helsinki (Vantaa),Finland,FI,60.3184,24.9633
HER,Heraklion International Nikos Kazantzakis Airport,Heraklion,Greece,GR,35.3397,25.1803
HET,Hohhot Baita International Airport,Hohhot,China,CN,40.8497,111.825
HFA,Uri Michaeli Haifa International Airport,Haifa,Israel,IL,32.8102,35.0437
HFE,Hefei Xinqiao International Airport,Hefei,China,CN,31.9878,116.977
HFN,Hornafjörður Airport,Höfn,Iceland,IS,64.2956,-15.2272
HFT,Hammerfest Airport,Hammerfest,Norway,NO,70.6797,23.6686
HGA,Egal International Airport,Hargeisa,Somalia,SO,9.51408,44.0835
HGH,Hangzhou Xiaoshan International Airport,Hangzhou,China,CN,30.2361,120.429
HGI,Itanagar Donyi Polo Hollongi Airport,Hollongi,India,IN,26.9668,93.6388
HGN,Mae Hong Son Airport,Mae Hong Son,Thailand,TH,19.3013,97.9758
HGO,Korhogo Airport,Korhogo,Côte d'Ivoire,CI,9.38718,-5.55666
HGR,Hagerstown Regional Richard A Henson Field,Hagerstown,United States,US,39.7088,-77.728
HGU,Mount Hagen Kagamuga Airport,Mount Hagen,Papua New Guinea,PG,-5.82821,144.299
HHH,Hilton Head Airport,Hilton Head Island,United States,US,32.2244,-80.6975
HHN,Frankfurt-Hahn Airport,Frankfurt am Main (Lautzenhausen),Germany,DE,49.9464,7.26173
HHQ,Hua Hin Airport,Hua Hin,Thailand,TH,12.6362,99.9515
HHR,Jack Northrop Field Hawthorne Municipal Airport,Hawthorne,United States,US,33.9228,-118.335
HIA,Huai'an Lianshui Airport,Huai'an,China,CN,33.7927,119.127
HIB,Range Regional Airport,Hibbing,United States,US,47.3848,-92.8369
HID,Horn Island Airport,Horn,Australia,AU,-10.5856,142.293
HII,Lake Havasu City Airport,Lake Havasu City,United States,US,34.5705,-114.358
HIJ,Hiroshima Airport,Hiroshima,Japan,JP,34.4361,132.919
HIN,Sacheon Airport / Sacheon Air Base,Sacheon,South Korea,KR,35.0886,128.072
HIR,Honiara International Airport,Honiara,Solomon Islands,SB,-9.428,160.055
HJJ,Huaihua Zhijiang Airport,Huaihua,China,CN,27.4431,109.705
HJR,Khajuraho Airport,Khajuraho,India,IN,24.8172,79.9186
HKD,Hakodate Airport,Hakodate,Japan,JP,41.77,140.822
HKG,Hong Kong International Airport,Hong Kong,Hong Kong,HK,22.3118,113.915
HKK,Hokitika Airfield,Hokitika Airfield,New Zealand,NZ,-42.7136,170.985
HKN,Hoskins Airport,Kimbe,Papua New Guinea,PG,-5.46385,150.407
HKT,Phuket International Airport,Phuket,Thailand,TH,8.11326,98.3174
HLA,Lanseria International Airport,Johannesburg,South Africa,ZA,-25.939,27.9266
HLD,Hulunbuir Hailar Airport,Hailar,China,CN,49.2086,119.822
HLE,Saint Helena International Airport,Jamestown,"Saint Helena, Ascension and Tristan da Cunha",SH,-15.9589,-5.64607
HLN,Helena Regional Airport,Helena,United States,US,46.6068,-111.983
HLP,Halim Perdanakusuma International Airport,Jakarta,Indonesia,ID,-6.26699,106.89
HLZ,Hamilton International Airport,Hamilton,New Zealand,NZ,-37.867,175.332
HMA,Khanty Mansiysk Airport,Khanty-Mansiysk,Russia,RU,61.0285,69.0861
HMB,Suhaj International Airport,Suhaj,Egypt,EG,26.3425,31.743
HME,Hassi Messaoud-Oued Irara Krim Belkacem Airport,Hassi Messaoud,Algeria,DZ,31.673,6.14044
HMI,Hami Airport,Hami,China,CN,42.8414,93.6692
HMO,General Ignacio L. Pesqueira International Airport,Hermosillo,Mexico,MX,29.0928,-111.053
HNA,Iwate Hanamaki Airport,Hanamaki,Japan,JP,39.4286,141.135
HND,Tokyo Haneda International Airport,Tokyo,Japan,JP,35.5497,139.787
HNL,Daniel K. Inouye International Airport,"Honolulu, Oahu",United States,US,21.3184,-157.926
HNM,Hana Airport,Hana,United States,US,20.7956,-156.014
HNS,Haines Airport,Haines,United States,US,59.2439,-135.524
HOB,Lea County Regional Airport,Hobbs,United States,US,32.6875,-103.217
HOF,Al-Ahsa International Airport,Hofuf,Saudi Arabia,SA,25.2853,49.4852
HOG,Frank Pais International Airport,Holguin,Cuba,CU,20.7851,-76.3155
HOI,Hao Airport,Otepa,French Polynesia,PF,-18.0748,-140.946
HOM,Homer Airport,Homer,United States,US,59.6445,-151.479
HOR,Horta Airport,Horta,Portugal,PT,38.5199,-28.7159
HOT,Memorial Field Airport,Hot Springs,United States,US,34.4788,-93.0963
HOU,William P. Hobby Airport,Houston,United States,US,29.6453,-95.2768
HOV,"Ørsta-Volda Airport, Hovden",Ørsta,Norway,NO,62.18,6.0741
HPA,Lifuka Island Airport,Lifuka,Tonga,TO,-19.777,-174.341
HPG,Shennongjia Hongping Airport,Shennongjia (Hongping),China,CN,31.626,110.34
HPH,Cat Bi International Airport,Haiphong (Hai An),Vietnam,VN,20.8174,106.724
HPN,Westchester County Airport,White Plains,United States,US,41.067,-73.7076
HQL,Tashikuergan Hongqilafu Airport,Tashikuergan,China,CN,37.6613,75.2889
HRB,Harbin Taiping International Airport,Harbin,China,CN,45.6234,126.25
HRE,Robert Gabriel Mugabe International Airport,Harare,Zimbabwe,ZW,-17.9318,31.0928
HRG,Hurghada International Airport,Hurghada,Egypt,EG,27.1768,33.7967
HRI,Mattala Rajapaksa International Airport,Mattala,Sri Lanka,LK,6.28388,81.1242
HRL,Valley International Airport,Harlingen,United States,US,26.2285,-97.6544
HRO,Boone County Airport,Harrison,United States,US,36.2615,-93.1547
HSA,Hazrat Sultan International Airport,Turkıstan,Kazakhstan,KZ,43.3111,68.5504
HSC,Shaoguan Danxia Airport,Shaoguan,China,CN,24.9786,113.421
HSG,Kyushu Saga International Airport,Saga,Japan,JP,33.1497,130.302
HSL,Huslia Airport,Huslia,United States,US,65.6979,-156.351
HSN,Zhoushan Putuoshan International Airport,Zhoushan,China,CN,29.9339,122.362
HSR,Rajkot International Airport,Rajkot,India,IN,22.3788,71.0394
HSS,Maharaja Agrasen International Airport,Hisar,India,IN,29.1861,75.7414
HSV,Huntsville International Airport,Huntsville,United States,US,34.6362,-86.7744
HTA,Chita-Kadala International Airport,Chita,Russia,RU,52.0248,113.306
HTG,Khatanga Airport,Khatanga,Russia,RU,71.9781,102.491
HTI,Hamilton Island Airport,Hamilton Island,Australia,AU,-20.3581,148.952
HTN,Hotan Airport,Hotan,China,CN,37.0385,79.8649
HTS,Tri-State Airport / Milton J. Ferguson Field,Huntington,United States,US,38.3667,-82.558
HTT,Huatugou Airport,Mengnai,China,CN,38.2016,90.8378
HTY,Hatay Airport,Antakya,Turkey,TR,36.3608,36.2856
HUH,Huahine-Fare Airport,Fare,French Polynesia,PF,-16.6871,-151.022
HUI,Phu Bai International Airport,Huế,Vietnam,VN,16.4006,107.703
HUN,Hualien Chiashan Airport,Hualien City,Taiwan,TW,24.0232,121.618
HUO,Holingol Huolinhe Airport,Holingol,China,CN,45.4872,119.407
HUU,Alferez Fap David Figueroa Fernandini Airport,Huánuco,Peru,PE,-9.87881,-76.2048
HUX,Bahías de Huatulco International Airport,Huatulco,Mexico,MX,15.7754,-96.2605
HUY,Humberside Airport,"Grimsby, Lincolnshire",United Kingdom,GB,53.5762,-0.34954
HUZ,Huizhou Pingtan Airport,Huizhou (Pingtan),China,CN,23.05,114.6
HVB,Hervey Bay Airport,Hervey Bay,Australia,AU,-25.3201,152.881
HVD,Khovd Airport,Khovd,Mongolia,MN,47.9541,91.6282
HVG,"Honningsvåg Airport, Valan",Honningsvåg,Norway,NO,71.0097,25.9836
HVN,Tweed New Haven Airport,New Haven,United States,US,41.2629,-72.8877
HVR,Havre City County Airport,Havre,United States,US,48.5414,-109.763
HWR,Halwara International Airport,Halwara,India,IN,30.7485,75.6298
HXD,Haixi Delingha Airport,Delingha,China,CN,37.1253,97.2687
HYA,Cape Cod Gateway Airport,Hyannis,United States,US,41.6693,-70.2804
HYD,Rajiv Gandhi International Airport,Hyderabad,India,IN,17.2313,78.4299
HYN,Taizhou Luqiao Airport,Taizhou (Luqiao),China,CN,28.5622,121.429
HYS,Hays Regional Airport,Hays,United States,US,38.8445,-99.2731
HZA,Heze Mudan Airport,Heze (Dingtao),China,CN,35.213,115.737
HZG,Hanzhong Chenggu Airport,Hanzhong (Chenggu),China,CN,33.1335,107.204
HZH,Liping Airport,Liping,China,CN,26.3222,109.15
IAA,Igarka Airport,Igarka,Russia,RU,67.4372,86.6219
IAD,Washington Dulles International Airport,Dulles,United States,US,38.9445,-77.4558
IAG,Niagara Falls International Airport,Niagara Falls,United States,US,43.1073,-78.9462
IAH,George Bush Intercontinental Airport,Houston,United States,US,29.9844,-95.3414
IAM,Zarzaitine - In Aménas Airport,In Aménas,Algeria,DZ,28.0515,9.64291
IAN,Bob Baker Memorial Airport,Kiana,United States,US,66.9761,-160.439
IAR,Golden Ring Yaroslavl International Airport,Tunoshna,Russia,RU,57.5607,40.1574
IAS,Iaşi International Airport,Iaşi,Romania,RO,47.1796,27.6214
IBA,Ibadan Airport,Ibadan,Nigeria,NG,7.36246,3.97833
IBE,Perales Airport,Ibagué,Colombia,CO,4.42161,-75.1333
IBR,Ibaraki Airport,Omitama,Japan,JP,36.1815,140.414
IBZ,Ibiza Airport,Ibiza (Eivissa),Spain,ES,38.8729,1.37312
ICN,Incheon International Airport,Seoul,South Korea,KR,37.4691,126.451
ICT,Wichita Dwight D. Eisenhower National Airport,Wichita,United States,US,37.6503,-97.4286
IDA,Idaho Falls Regional Airport,Idaho Falls,United States,US,43.5146,-112.071
IDR,Devi Ahilya Bai Holkar International Airport,Indore,India,IN,22.7214,75.8005
IEG,Zielona Góra-Babimost Airport,Nowe Kramsko,Poland,PL,52.1385,15.7986
IFJ,Ísafjörður Airport,Ísafjörður,Iceland,IS,66.0581,-23.1353
IFN,Isfahan Shahid Beheshti International Airport,Isfahan,Iran,IR,32.7551,51.8839
IFO,Ivano-Frankivsk International Airport,Ivano-Frankivsk,Ukraine,UA,48.8842,24.6861
IGA,Inagua Airport,Matthew Town,Bahamas,BS,20.975,-73.6669
IGD,Iğdır Airport,Iğdır,Turkey,TR,39.9766,43.8766
IGR,Cataratas Del Iguazú International Airport,Puerto Iguazu,Argentina,AR,-25.7373,-54.4734
IGT,Magas Airport,Sunzha,Russia,RU,43.3233,45.0126
IGU,Cataratas International Airport,Foz do Iguaçu,Brazil,BR,-25.5942,-54.4894
IJK,Izhevsk Airport,Izhevsk,Russia,RU,56.8345,53.4622
IKA,Imam Khomeini International Airport,Tehran,Iran,IR,35.4161,51.1522
IKG,Karakol International Airport,Karakol,Kyrgyzstan,KG,42.5081,78.4078
IKI,Iki Airport,Iki,Japan,JP,33.749,129.785
IKS,Tiksi Airport,Tiksi,Russia,RU,71.6977,128.903
IKT,Irkutsk International Airport,Irkutsk,Russia,RU,52.2667,104.396
IKU,Issyk-Kul International Airport,Tamchy,Kyrgyzstan,KG,42.5856,76.7012
ILD,Lleida-Alguaire Airport,Lleida,Spain,ES,41.7282,0.535023
ILG,Wilmington Airport,Wilmington,United States,US,39.6787,-75.6065
ILI,Iliamna Airport,Iliamna,United States,US,59.7544,-154.911
ILM,Wilmington International Airport,Wilmington,United States,US,34.2723,-77.9051
ILO,Iloilo International Airport,Cabatuan,Philippines,PH,10.833,122.493
ILP,Île des Pins Airport,Île des Pins,New Caledonia,NC,-22.5889,167.456
ILQ,General Jorge Fernandez Maldon Airport,Ilo,Peru,PE,-17.695,-71.344
ILR,General Tunde Idiagbon International Airport,Ilorin/Ogbomosho,Nigeria,NG,8.44021,4.49392
ILS,Ilopango International Airport,San Salvador,El Salvador,SV,13.6995,-89.1199
ILY,Islay Airport,"Isle of Islay, Argyll and Bute",United Kingdom,GB,55.6827,-6.25753
IMF,Bir Tikendrajit International Airport,Imphal,India,IN,24.76,93.8967
IMP,Prefeito Renato Moreira Airport,Imperatriz,Brazil,BR,-5.53129,-47.46
IMT,Ford Airport,Kingsford,United States,US,45.8191,-88.1146
INC,Yinchuan Hedong International Airport,Yinchuan,China,CN,38.3228,106.393
IND,Indianapolis International Airport,Indianapolis,United States,US,39.7173,-86.2944
INH,Inhambane Airport,Inhambane,Mozambique,MZ,-23.8764,35.4085
INI,Niš Constantine the Great Airport,Niš,Serbia,RS,43.3365,21.8562
INL,Falls International Airport,International Falls,United States,US,48.5662,-93.4031
INN,Innsbruck Airport,Innsbruck,Austria,AT,47.2602,11.344
INU,Nauru International Airport,Yaren,Nauru,NR,-0.547893,166.92
INV,Inverness Airport,Inverness,United Kingdom,GB,57.5425,-4.0475
INZ,In Salah Airport,In Salah,Algeria,DZ,27.251,2.51202
IOA,Ioannina King Pyrrhus National Airport,Ioannina,Greece,GR,39.6964,20.8225
IOM,Isle of Man Airport,Castletown,Isle of Man,IM,54.0831,-4.62387
IOS,Bahia - Jorge Amado Airport,Ilhéus,Brazil,BR,-14.8159,-39.0335
IPC,Mataveri International Airport,Isla De Pascua,Chile,CL,-27.1654,-109.421
IPH,Sultan Azlan Shah Airport,Ipoh,Malaysia,MY,4.56733,101.092
IPI,San Luis Airport,Ipiales,Colombia,CO,0.861946,-77.6718
IPL,Imperial County Airport,Imperial,United States,US,32.8354,-115.574
IPN,Usiminas Airport,Ipatinga,Brazil,BR,-19.4707,-42.4876
IPT,Williamsport Regional Airport,Williamsport,United States,US,41.2421,-76.9224
IQM,Qiemo Yudu Airport,Qiemo,China,CN,38.2345,85.4655
IQN,Qingyang Xifeng Airport,Qingyang (Xifeng),China,CN,35.8026,107.599
IQQ,Diego Aracena International Airport,Iquique,Chile,CL,-20.5363,-70.1814
IQT,Coronel FAP Francisco Secada Vignetta International Airport,Iquitos,Peru,PE,-3.78474,-73.3088
IRG,Lockhart River Airport,Lockhart River,Australia,AU,-12.7869,143.305
IRJ,Capitan V A Almonacid Airport,La Rioja,Argentina,AR,-29.3816,-66.7958
IRK,Kirksville Regional Airport,Kirksville,United States,US,40.0935,-92.5449
IRP,Matari Airport,Isiro,Democratic Republic of the Congo,CD,2.82761,27.5883
ISA,Mount Isa Airport,Mount Isa,Australia,AU,-20.6664,139.488
ISB,Islamabad International Airport,Attock,Pakistan,PK,33.549,72.8257
ISE,Süleyman Demirel International Airport,Isparta,Turkey,TR,37.8554,30.3684
ISG,New Ishigaki Airport,Ishigaki,Japan,JP,24.3964,124.245
ISK,Nashik International Airport,Nashik,India,IN,20.1191,73.9129
ISP,Long Island MacArthur Airport,Islip,United States,US,40.7963,-73.1017
IST,İstanbul Airport,Istanbul,Turkey,TR,41.2749,28.7321
ISU,Jalal Talabani International Airport,Sulaymaniyah,Iraq,IQ,35.5605,45.3151
ITB,Itaituba Airport,Itaituba,Brazil,BR,-4.24213,-56.0007
ITH,Ithaca Tompkins Regional Airport,Ithaca,United States,US,42.491,-76.4584
ITM,Osaka Itami International Airport,Osaka,Japan,JP,34.7809,135.441
ITO,Hilo International Airport,Hilo,United States,US,19.7214,-155.045
IUE,Niue International Airport,Alofi,Niue,NU,-19.0801,-169.923
IVC,Invercargill Airport,Invercargill,New Zealand,NZ,-46.4124,168.313
IVL,Ivalo Airport,Ivalo,Finland,FI,68.6073,27.4053
IWA,Ivanovo South Airport,Ivanovo,Russia,RU,56.9394,40.9408
IWJ,Iwami Airport,Masuda,Japan,JP,34.6764,131.79
IWK,Iwakuni Kintaikyo Airport,Iwakuni,Japan,JP,34.1463,132.247
IXA,Agartala - Maharaja Bir Bikram Airport,Agartala,India,IN,23.887,91.2404
IXB,Bagdogra Airport,Siliguri,India,IN,26.6812,88.3286
IXC,Shaheed Bhagat Singh International Airport,Chandigarh,India,IN,30.6735,76.7885
IXD,Prayagraj Airport,Allahabad,India,IN,25.4401,81.7339
IXE,Mangaluru International Airport,Mangaluru,India,IN,12.9547,74.8868
IXG,Belagavi Airport,Belgaum,India,IN,15.8593,74.6183
IXI,Lilabari North Lakhimpur Airport,Lilabari,India,IN,27.2957,94.0973
IXJ,Jammu Airport,Jammu,India,IN,32.6888,74.8382
IXK,Keshod Airport,Keshod,India,IN,21.3171,70.2704
IXL,Leh Kushok Bakula Rimpochee Airport,Leh,India,IN,34.1359,77.5465
IXM,Madurai Airport,Madurai,India,IN,9.83451,78.0934
IXP,Pathankot Airport,Pathankot,India,IN,32.2336,75.6344
IXR,Birsa Munda Airport,Ranchi,India,IN,23.3143,85.3217
IXS,Silchar Airport,Silchar,India,IN,24.9129,92.9787
IXU,Aurangabad Airport,Aurangabad,India,IN,19.8629,75.3963
IXY,Kandla Airport,Kandla,India,IN,23.1127,70.1003
IXZ,Veer Savarkar International Airport / INS Utkrosh,Port Blair,India,IN,11.6402,92.729
IZA,Presidente Itamar Franco Airport,Juiz de Fora,Brazil,BR,-21.5131,-43.1731
IZO,Izumo Enmusubi Airport,Izumo,Japan,JP,35.4136,132.89
IZT,General Antonio Cárdenas Rodríguez National Airport / Ixtepec Air Base,Ixtepec,Mexico,MX,16.446,-95.0937
JAC,Jackson Hole Airport,Jackson,United States,US,43.6073,-110.738
JAE,Shumba Airport,Jaén,Peru,PE,-5.59248,-78.774
JAF,Jaffna International Airport,Jaffna,Sri Lanka,LK,9.79233,80.0701
JAI,Jaipur International Airport,Jaipur,India,IN,26.8242,75.8122
JAN,Jackson-Medgar Wiley Evers International Airport,Jackson,United States,US,32.3112,-90.0759
JAU,Francisco Carle Airport,Jauja,Peru,PE,-11.7831,-75.4734
JAV,Ilulissat Airport,Ilulissat,Greenland,GL,69.2432,-51.0571
JAX,Jacksonville International Airport,Jacksonville,United States,US,30.4925,-81.6878
JBQ,La Isabela International Airport,La Isabela,Dominican Republic,DO,18.5725,-69.9856
JBR,Jonesboro Municipal Airport,Jonesboro,United States,US,35.8317,-90.6464
JCL,České Budějovice South Bohemian Airport,České Budějovice,Czech Republic,CZ,48.9482,14.4283
JDF,Francisco de Assis Airport,Juiz de Fora,Brazil,BR,-21.7915,-43.3861
JDH,Jodhpur Airport,Jodhpur,India,IN,26.2511,73.0489
JDZ,Jingdezhen Luojia Airport,Jingdezhen,China,CN,29.3386,117.176
JED,King Abdulaziz International Airport,Jeddah,Saudi Arabia,SA,21.6802,39.1574
JEE,Jérémie Airport,Carrefour Sanon,Haiti,HT,18.6631,-74.1703
JEG,Aasiaat Airport,Aasiaat,Greenland,GL,68.7218,-52.7847
JER,Jersey Airport,St. Peter,Jersey,JE,49.2079,-2.19551
JFK,John F. Kennedy International Airport,New York,United States,US,40.6394,-73.7793
JGA,Jamnagar Airport,Jamnagar,India,IN,22.4655,70.0126
JGD,Daxing'anling Elunchun Airport,Jiagedaqi,China,CN,50.3714,124.118
JGN,Jiayuguan International Airport,Jiayuguan,China,CN,39.8591,98.3393
JGS,Jinggangshan Airport,Ji'an,China,CN,26.8569,114.737
JHB,Senai International Airport,Johor Bahru,Malaysia,MY,1.64131,103.67
JHG,Xishuangbanna Gasa International Airport,Jinghong (Gasa),China,CN,21.9746,100.762
JHM,Kapalua Airport,Lahaina,United States,US,20.9629,-156.673
JHS,Sisimiut Airport,Sisimiut,Greenland,GL,66.9513,-53.7293
JIB,Djibouti-Ambouli Airport,Djibouti City,Djibouti,DJ,11.5473,43.1595
JIC,Jinchang Jinchuan Airport,Jinchang,China,CN,38.5422,102.348
JIJ,Gerad Wilwal International Airport,Jijiga,Ethiopia,ET,9.33191,42.9118
JIM,Jimma Airport,Jimma,Ethiopia,ET,7.66609,36.8166
JIQ,Qianjiang Wulingshan Airport,Qianjiang,China,CN,29.5133,108.831
JJD,Comandante Ariston Pessoa Airport,Cruz,Brazil,BR,-2.90643,-40.3573
JJN,Quanzhou Jinjiang International Airport,Quanzhou,China,CN,24.7959,118.589
JJU,Qaqortoq Airport,Qaqortoq,Greenland,GL,60.7638,-46.065
JKG,Jönköping Airport,Jönköping,Sweden,SE,57.7576,14.0687
JKH,Chios Island National Airport,Chios Island,Greece,GR,38.3432,26.1406
JKR,Janakpur Airport,Janakpur,Nepal,NP,26.7088,85.9224
JLN,Joplin Regional Airport,Joplin,United States,US,37.1518,-94.4983
JLR,Jabalpur Airport,Jabalpur,India,IN,23.1778,80.052
JMJ,Lancang Jingmai Airport,Pu'er (Lancang),China,CN,22.4177,99.784
JMK,Mykonos Island National Airport,Mykonos,Greece,GR,37.4351,25.3481
JMS,Jamestown Regional Airport,Jamestown,United States,US,46.9297,-98.6782
JMU,Jiamusi Songjiang International Airport,Jiamusi,China,CN,46.8428,130.464
JNB,O.R. Tambo International Airport,Johannesburg,South Africa,ZA,-26.1401,28.2468
JNG,Jining Da'an Airport,Jining,China,CN,35.6474,116.743
JNH,Jiaxing Nanhu Airport,"Xiuzhou, Hangzhou",China,CN,30.6981,120.663
JNU,Juneau International Airport,Juneau,United States,US,58.3549,-134.574
JNZ,Jinzhou Bay Airport,Jinzhou (Linghai),China,CN,40.936,121.277
JOE,Joensuu Airport,Joensuu,Finland,FI,62.6588,29.6194
JOG,Adisutjipto International Airport,Yogyakarta,Indonesia,ID,-7.78818,110.432
JOI,Lauro Carneiro de Loyola Airport,Joinville,Brazil,BR,-26.2245,-48.7974
JOL,Jolo Airport,Jolo,Philippines,PH,6.05367,121.011
JOS,Yakubu Gowon Airport,Jos,Nigeria,NG,9.63983,8.86905
JPA,Presidente Castro Pinto International Airport,João Pessoa,Brazil,BR,-7.14869,-34.9506
JRH,Jorhat Airport,Jorhat,India,IN,26.7305,94.1754
JRO,Kilimanjaro International Airport,Arusha,Tanzania,TZ,-3.42705,37.0735
JSA,Jaisalmer Airport,Jaisalmer Airport,India,IN,26.8887,70.865
JSH,Sitia Airport,Crete Island,Greece,GR,35.2161,26.1013
JSI,Skiathos Island National Airport,Skiathos,Greece,GR,39.1771,23.5037
JSJ,Jiansanjiang Shidi Airport,Jiansanjiang,China,CN,47.1082,132.658
JSR,Jessore Airport,Jashore (Jessore),Bangladesh,BD,23.1838,89.1608
JST,John Murtha Johnstown Cambria County Airport,Johnstown,United States,US,40.3161,-78.8339
JTC,Bauru/Arealva–Moussa Nakhal Tobias State Airport,Bauru,Brazil,BR,-22.1608,-49.0703
JTR,Santorini International Airport,Santorini Island,Greece,GR,36.4,25.4786
JUB,Juba International Airport,Juba,South Sudan,SS,4.87201,31.6011
JUJ,Gobernador Horacio Guzman International Airport,San Salvador de Jujuy,Argentina,AR,-24.3928,-65.0978
JUL,Inca Manco Capac International Airport,Juliaca,Peru,PE,-15.4677,-70.1565
JUZ,Quzhou Airport,Quzhou (Kezheng),China,CN,28.9661,118.899
JXA,Jixi Xingkaihu Airport,Jixi,China,CN,45.293,131.193
JYV,Jyväskylä Airport,Jyväskylän Maalaiskunta,Finland,FI,62.3995,25.6783
JZH,Jiuzhai Huanglong Airport,Ngawa (Songpan),China,CN,32.8533,103.682
KAB,Kariba Airport,Kariba,Zimbabwe,ZW,-16.5198,28.885
KAC,Qamishli International Airport,Qamishli,Syria,SY,37.0206,41.1914
KAD,Kaduna International Airport,Kaduna,Nigeria,NG,10.696,7.32011
KAI,Kaieteur Airport,Kaieteur Falls,Guyana,GY,5.17735,-59.489
KAJ,Kajaani Airport,Kajaani,Finland,FI,64.2855,27.6924
KAN,Mallam Aminu Kano International Airport,Kano,Nigeria,NG,12.0456,8.52357
KAO,Kuusamo Airport,Kuusamo,Finland,FI,65.9876,29.2394
KAT,Kaitaia Airport,Awanui,New Zealand,NZ,-35.0698,173.287
KAW,Kawthoung Airport,Kawthoung,Myanmar,MM,10.0493,98.538
KBL,Kabul International Airport,Kabul,Afghanistan,AF,34.5659,69.2123
KBR,Sultan Ismail Petra Airport,Kota Baharu,Malaysia,MY,6.16685,102.293
KBV,Krabi International Airport,Krabi,Thailand,TH,8.09559,98.989
KCH,Kuching International Airport,Kuching,Malaysia,MY,1.48736,110.353
KCM,Kahramanmaraş Airport,Kahramanmaraş,Turkey,TR,37.5388,36.9535
KCT,Koggala Airport,Galle,Sri Lanka,LK,5.99368,80.3203
KCY,Krasnoyarsk Cheremshanka Airport,Krasnoyarsk,Russia,RU,56.1776,92.5459
KCZ,Kochi Ryoma Airport,Nankoku,Japan,JP,33.5452,133.67
KDH,Ahmad Shah Baba International Airport,Kandahar,Afghanistan,AF,31.5058,65.848
KDL,Kärdla Airport,Kärdla,Estonia,EE,58.9908,22.8307
KDM,Kaadedhdhoo Airport,Huvadhu Atoll,Maldives,MV,0.488131,72.9969
KDO,Kadhdhoo Airport,Kadhdhoo,Maldives,MV,1.85917,73.5219
KDU,Skardu International Airport,Skardu,Pakistan,PK,35.3387,75.5386
KEF,Keflavik International Airport,Reykjavík,Iceland,IS,63.985,-22.6056
KEJ,Alexei Leonov Kemerovo International Airport,Kemerovo,Russia,RU,55.2701,86.1072
KEM,Kemi-Tornio Airport,Kemi / Tornio,Finland,FI,65.7787,24.5821
KEP,Nepalgunj Airport,Nepalgunj,Nepal,NP,28.1036,81.667
KER,Ayatollah Hashemi Rafsanjani International Airport,Kerman,Iran,IR,30.2713,56.9497
KET,Kengtung Airport,Kengtung,Myanmar,MM,21.3016,99.636
KFS,Kastamonu Airport,Kastamonu,Turkey,TR,41.3142,33.7958
KGA,Kananga Airport,Kananga,Democratic Republic of the Congo,CD,-5.90005,22.4692
KGC,Kingscote Airport,Kingscote Airport,Australia,AU,-35.7139,137.521
KGD,Khrabrovo Airport,Kaliningrad,Russia,RU,54.8916,20.5986
KGF,Sary-Arka Airport,Karaganda,Kazakhstan,KZ,49.6708,73.3344
KGI,Kalgoorlie Boulder Airport,Broadwood,Australia,AU,-30.7915,121.465
KGL,Kigali International Airport,Kigali,Rwanda,RW,-1.96863,30.1395
KGP,Kogalym International Airport,Kogalym,Russia,RU,62.1904,74.5338
KGS,"Kos International Airport ""Ippokratis""",Kos Island,Greece,GR,36.7945,27.0911
KGT,Kangding Airport,Garzê (Kangding),China,CN,30.1425,101.739
KHD,Khoram Abad Airport,Khoram Abad Airport,Iran,IR,33.4354,48.2829
KHE,Kherson International Airport,Kherson,Ukraine,UA,46.6758,32.5064
KHG,Kashgar Laining International Airport,Kashgar,China,CN,39.5423,76.0202
KHH,Kaohsiung International Airport,Kaohsiung (Xiaogang),Taiwan,TW,22.5771,120.35
KHI,Jinnah International Airport,Karachi,Pakistan,PK,24.9065,67.1608
KHK,Khark Airport,Khark,Iran,IR,29.2605,50.3222
KHN,Nanchang Changbei International Airport,Nanchang,China,CN,28.8648,115.903
KHS,Khasab Airport,Khasab,Oman,OM,26.171,56.2406
KHT,Khost International Airport,Khost,Afghanistan,AF,33.2846,69.8073
KHV,Khabarovsk Novy Airport,Khabarovsk,Russia,RU,48.5283,135.189
KHX,Savannah Airstrip,Kihihi,Uganda,UG,-0.7165,29.6997
KIH,Kish International Airport,Kish Island,Iran,IR,26.5254,53.9805
KIJ,Niigata Airport,Niigata,Japan,JP,37.9542,139.112
KIK,Kirkuk International Airport,Kirkuk,Iraq,IQ,35.4695,44.3489
KIM,Kimberley Airport,Kimberley,South Africa,ZA,-28.8054,24.7649
KIN,Norman Manley International Airport,Kingston,Jamaica,JM,17.9357,-76.7875
KIR,Kerry Airport,Farranfore,Ireland,IE,52.1809,-9.52378
KIS,Kisumu International Airport,Kisumu,Kenya,KE,-0.086139,34.7289
KIX,Kansai International Airport,Osaka,Japan,JP,34.4273,135.244
KJA,Krasnoyarsk International Airport,Krasnoyarsk,Russia,RU,56.1757,92.4858
KJB,Kurnool Airport,Orvakal,India,IN,15.7163,78.1692
KJH,Kaili Huangping Airport,Kaili  (Huangping),China,CN,26.972,107.988
KJI,Burqin Kanas Airport,Burqin,China,CN,48.2223,86.9959
KJT,Kertajati International Airport,Kertajati,Indonesia,ID,-6.64738,108.166
KKC,Khon Kaen Airport,Khon Kaen,Thailand,TH,16.4666,102.784
KKE,Kerikeri Airport,Kerikeri,New Zealand,NZ,-35.2591,173.913
KKJ,Kitakyushu Airport,Kitakyushu,Japan,JP,33.8459,131.035
KKN,"Kirkenes Airport, Høybuktmoen",Kirkenes,Norway,NO,69.7258,29.8913
KKR,Kaukura Airport,Raitahiti,French Polynesia,PF,-15.6633,-146.885
KKS,Kashan Airport,Kashan,Iran,IR,33.8953,51.577
KKW,Kikwit Airport,Kikwit,Democratic Republic of the Congo,CD,-5.03577,18.7856
KKX,Kikai Airport,Kikai,Japan,JP,28.3213,129.928
KLH,Kolhapur Airport,Kolhapur,India,IN,16.6647,74.2894
KLO,Kalibo International Airport,Kalibo,Philippines,PH,11.6794,122.376
KLR,Kalmar Airport,Kalmar,Sweden,SE,56.6855,16.2876
KLU,Klagenfurt Airport,Klagenfurt am Wörthersee,Austria,AT,46.6425,14.3377
KLV,Karlovy Vary Airport,Karlovy Vary,Czech Republic,CZ,50.203,12.915
KLW,Klawock Airport,Klawock,United States,US,55.5792,-133.076
KLX,Kalamata Airport,Kalamata,Greece,GR,37.0683,22.0255
KMA,Kerema Airport,Kerema,Papua New Guinea,PG,-7.96361,145.771
KMC,King Khaled Military City Airport,King Khaled Military City,Saudi Arabia,SA,27.9009,45.5282
KME,Kamembe Airport,Kamembe,Rwanda,RW,-2.46224,28.9079
KMG,Kunming Changshui International Airport,Kunming,China,CN,25.1103,102.937
KMI,Miyazaki Airport,Miyazaki,Japan,JP,31.8772,131.449
KMJ,Kumamoto Airport,Kumamoto,Japan,JP,32.8373,130.855
KMQ,Komatsu Airport / JASDF Komatsu Air Base,Kanazawa,Japan,JP,36.3934,136.407
KMS,Prempeh I International Airport,Kumasi,Ghana,GH,6.71456,-1.59082
KMW,Kostroma Sokerkino Airport,Kostroma,Russia,RU,57.7969,41.0194
KND,Kindu Airport,Kindu,Democratic Republic of the Congo,CD,-2.91918,25.9154
KNG,Utarom Airport,Kaimana,Indonesia,ID,-3.6446,133.695
KNH,Kinmen Airport,Shang-I,Taiwan,TW,24.4279,118.359
KNO,Kualanamu International Airport,Beringin,Indonesia,ID,3.63785,98.8706
KNQ,Koné Airport,Koné,New Caledonia,NC,-21.0536,164.839
KNS,King Island Airport,King Island Airport,Australia,AU,-39.8775,143.878
KNU,Kanpur Airport,Kanpur,India,IN,26.4043,80.4101
KNX,East Kimberley Regional (Kununurra) Airport,Kununurra,Australia,AU,-15.7781,128.708
KOA,Ellison Onizuka Kona International Airport at Keāhole,Kailua-Kona,United States,US,19.7388,-156.046
KOE,El Tari Airport,Kupang,Indonesia,ID,-10.1716,123.671
KOI,Kirkwall Airport,"Kirkwall, Orkney Islands",United Kingdom,GB,58.9579,-2.90508
KOJ,Kagoshima Airport,Kagoshima,Japan,JP,31.8034,130.719
KOK,Kokkola-Pietarsaari Airport,Kokkola / Kruunupyy,Finland,FI,63.7212,23.1431
KOP,Nakhon Phanom Airport,Nakhon Phanom,Thailand,TH,17.3838,104.643
KOS,Sihanouk International Airport,Preah Sihanouk,Cambodia,KH,10.5706,103.632
KOV,Kokshetau International Airport,Kokshetau,Kazakhstan,KZ,53.3291,69.5946
KPO,Pohang Airport (G-815/K-3),Pohang,South Korea,KR,35.988,129.42
KPW,Keperveem Airport,Keperveem,Russia,RU,67.845,166.14
KQH,Kishangarh Airport Ajmer,Ajmer (Kishangarh),India,IN,26.591,74.813
KQT,Bokhtar International Airport,Bokhtar,Tajikistan,TJ,37.8663,68.8645
KRF,Kramfors-Sollefteå Höga Kusten Airport,Nyland,Sweden,SE,63.0486,17.7689
KRK,Kraków John Paul II International Airport,Balice,Poland,PL,50.0777,19.7848
KRL,Korla Licheng Airport,Korla,China,CN,41.615,86.1408
KRN,Kiruna Airport,Kiruna,Sweden,SE,67.822,20.3368
KRO,Kurgan Airport,Kurgan,Russia,RU,55.4753,65.4156
KRP,Midtjyllands Airport / Air Base Karup,Karup,Denmark,DK,56.2971,9.10431
KRR,Krasnodar Pashkovsky International Airport,Krasnodar,Russia,RU,45.0345,39.1742
KRS,Kristiansand Airport,Kristiansand(Kjevik),Norway,NO,58.2042,8.08537
KRT,Khartoum International Airport,Khartoum,Sudan,SD,15.5895,32.5532
KRW,Turkmenbaşy International Airport,Turkmenbaşy,Turkmenistan,TM,40.0628,53.0051
KSA,Kosrae International Airport,Okat,Micronesia,FM,5.35698,162.958
KSC,Košice International Airport,Košice,Slovakia,SK,48.6631,21.2411
KSD,Karlstad Airport,Karlstad,Sweden,SE,59.4447,13.3374
KSF,Kassel Airport,Calden,Germany,DE,51.4184,9.39164
KSH,Shahid Ashrafi Esfahani Airport,Kermanshah,Iran,IR,34.3459,47.1581
KSL,Kassala Airport,Kassala,Sudan,SD,15.3875,36.3288
KSN,Kostanay International Airport,Kostanay,Kazakhstan,KZ,53.2069,63.5503
KSU,"Kristiansund Airport, Kvernberget",Kvernberget,Norway,NO,63.1118,7.82452
KSY,Kars Airport,Kars,Turkey,TR,40.5622,43.115
KSZ,Kotlas Airport,Kotlas,Russia,RU,61.2358,46.6975
KTA,Karratha Airport,Karratha,Australia,AU,-20.7122,116.773
KTD,Kitadaito Airport,Kitadaitōjima,Japan,JP,25.9447,131.327
KTG,Rahadi Osman Airport,Ketapang,Indonesia,ID,-1.81716,109.963
KTI,Techo International Airport,Phnom Penh (Boeng Khyang),Cambodia,KH,11.36,104.921
KTM,Tribhuvan International Airport,Kathmandu,Nepal,NP,27.6966,85.3591
KTN,Ketchikan International Airport,Ketchikan,United States,US,55.3556,-131.714
KTP,Tinson Pen Airport,Tinson Pen,Jamaica,JM,17.9886,-76.8238
KTT,Kittilä International Airport,Kittilä,Finland,FI,67.701,24.8468
KTW,Katowice Wojciech Korfanty International Airport,Katowice,Poland,PL,50.476,19.0807
KUA,Kuantan Airport,Kuantan,Malaysia,MY,3.77539,103.209
KUF,Kurumoch International Airport,Samara,Russia,RU,53.5049,50.1643
KUH,Kushiro Airport,Kushiro,Japan,JP,43.041,144.193
KUL,Kuala Lumpur International Airport,Sepang,Malaysia,MY,2.74558,101.71
KUM,Yakushima Airport,Yakushima,Japan,JP,30.3856,130.659
KUN,Kaunas International Airport,Kaunas,Lithuania,LT,54.964,24.0858
KUO,Kuopio Airport,Kuopio / Siilinjärvi,Finland,FI,63.0071,27.7978
KUS,Kulusuk Airport,Kulusuk,Greenland,GL,65.5736,-37.1236
KUT,David the Builder Kutaisi International Airport,Kopitnari,Georgia,GE,42.1774,42.4854
KUU,Kullu Manali Airport,Bhuntar,India,IN,31.8767,77.1544
KUV,Gunsan Airport / Gunsan Air Base,Gunsan,South Korea,KR,35.9038,126.616
KVA,Kavala Alexander the Great International Airport,Kavala,Greece,GR,40.9133,24.6192
KVG,Kavieng Airport,Kavieng,Papua New Guinea,PG,-2.5794,150.808
KVO,Morava Airport,Kraljevo,Serbia,RS,43.8175,20.5867
KVX,Pobedilovo Airport,Kirov,Russia,RU,58.5039,49.3478
KWA,Bucholz Army Air Field,Kwajalein,Marshall Islands,MH,8.72012,167.732
KWE,Guiyang Longdongbao International Airport,Guiyang (Nanming),China,CN,26.5418,106.804
KWG,Kryvyi Rih International Airport,Kryvyi Rih,Ukraine,UA,48.0433,33.21
KWI,Kuwait International Airport,Kuwait City,Kuwait,KW,29.2245,47.9698
KWJ,Gwangju Airport,Gwangju,South Korea,KR,35.1232,126.805
KWL,Guilin Liangjiang International Airport,Guilin (Lingui),China,CN,25.2198,110.04
KWM,Kowanyama Airport,Kowanyama,Australia,AU,-15.4854,141.753
KWZ,Kolwezi Airport,Kolwezi,Democratic Republic of the Congo,CD,-10.7659,25.5057
KXB,Sangia Nibandera Airport,Kolaka,Indonesia,ID,-4.33816,121.524
KXK,Komsomolsk-on-Amur Airport,Komsomolsk-on-Amur,Russia,RU,50.409,136.934
KYA,Konya Airport,Konya,Turkey,TR,37.979,32.5619
KYD,Lanyu Airport,Orchid Island,Taiwan,TW,22.027,121.535
KYP,Kyaukpyu Airport,Kyaukpyu,Myanmar,MM,19.4264,93.5348
KYS,Kayes Dag Dag Airport,Kayes,Mali,ML,14.4825,-11.3993
KYZ,Kyzyl Airport,Kyzyl,Russia,RU,51.6694,94.4006
KZI,Kozani National Airport Filippos,Kozani,Greece,GR,40.2861,21.8408
KZN,Kazan International Airport,Kazan,Russia,RU,55.6062,49.2787
KZO,Korkyt Ata International Airport,Kyzylorda,Kazakhstan,KZ,44.7069,65.5925
LAD,Quatro de Fevereiro International Airport,Luanda,Angola,AO,-8.85837,13.2312
LAE,Nadzab Tomodachi International Airport,Lae,Papua New Guinea,PG,-6.56799,146.727
LAF,Purdue University Airport,West Lafayette,United States,US,40.4129,-86.9394
LAJ,Lages Airport,Lages,Brazil,BR,-27.7821,-50.2815
LAL,Lakeland Linder International Airport,Lakeland,United States,US,27.9893,-82.0207
LAN,Capital Region International Airport,Lansing,United States,US,42.7776,-84.5857
LAO,Laoag International Airport,Laoag City,Philippines,PH,18.1751,120.531
LAP,Manuel Márquez de León International Airport,La Paz,Mexico,MX,24.0723,-110.363
LAQ,Al Abraq International Airport,Al Albraq,Libya,LY,32.789,21.9549
LAR,Laramie Regional Airport,Laramie,United States,US,41.3121,-105.675
LAS,Harry Reid International Airport,Las Vegas,United States,US,36.0834,-115.152
LAU,Manda Airport,Lamu,Kenya,KE,-2.25243,40.9129
LAW,Lawton Fort Sill Regional Airport,Lawton,United States,US,34.5677,-98.4166
LAX,Los Angeles International Airport,Los Angeles,United States,US,33.9425,-118.408
LBA,Leeds Bradford Airport,"Leeds, West Yorkshire",United Kingdom,GB,53.8659,-1.66057
LBB,Lubbock Preston Smith International Airport,Lubbock,United States,US,33.6636,-101.823
LBC,Lübeck Blankensee Airport,Lübeck,Germany,DE,53.8054,10.7192
LBD,Khujand International Airport,Khujand,Tajikistan,TJ,40.2154,69.6947
LBE,Arnold Palmer Regional Airport,Latrobe,United States,US,40.2759,-79.4048
LBF,North Platte Regional Airport Lee Bird Field,North Platte,United States,US,41.1262,-100.684
LBG,Paris-Le Bourget International Airport,Paris,France,FR,48.9623,2.43654
LBL,Liberal Mid-America Regional Airport,Liberal,United States,US,37.0442,-100.96
LBS,Labasa Airport,Labasa,Fiji,FJ,-16.4667,179.34
LBU,Labuan Airport,Labuan,Malaysia,MY,5.30167,115.248
LBV,Libreville Leon M'ba International Airport,Libreville,Gabon,GA,0.458951,9.41214
LCA,Larnaca International Airport,Larnaca,Cyprus,CY,34.8751,33.6249
LCE,Golosón International Airport,La Ceiba,Honduras,HN,15.7425,-86.853
LCG,A Coruña Airport,Culleredo,Spain,ES,43.3021,-8.37726
LCH,Lake Charles Regional Airport,Lake Charles,United States,US,30.1261,-93.2233
LCJ,Łódź Władysław Reymont Airport,Łódź,Poland,PL,51.7219,19.3981
LCK,Rickenbacker International Airport,Columbus,United States,US,39.8138,-82.9278
LCX,Liancheng Guanzhishan Airport,Longyan (Liancheng),China,CN,25.6759,116.746
LCY,London City Airport,London,United Kingdom,GB,51.5053,0.055278
LDB,Governor José Richa Airport,Londrina,Brazil,BR,-23.3344,-51.1284
LDE,Tarbes-Lourdes-Pyrénées Airport,Tarbes/Lourdes/Pyrénées,France,FR,43.1787,-0.006439
LDS,Yichun Lindu Airport,Yichun,China,CN,47.7521,129.019
LDU,Lahad Datu Airport,Lahad Datu,Malaysia,MY,5.03241,118.324
LDX,Saint-Laurent-du-Maroni Airport,Saint-Laurent-du-Maroni,French Guiana,GF,5.48189,-54.035
LDY,City of Derry Airport,"Derry, Derry and Strabane",United Kingdom,GB,55.0428,-7.16111
LEA,Learmonth Airport,Exmouth,Australia,AU,-22.2352,114.09
LEB,Lebanon Municipal Airport,Lebanon,United States,US,43.6261,-72.3042
LED,Pulkovo Airport,St. Petersburg,Russia,RU,59.8003,30.2625
LEI,Almería Airport,Almería,Spain,ES,36.8439,-2.3701
LEJ,Leipzig/Halle Airport,Schkeuditz,Germany,DE,51.4207,12.2327
LEN,León Airport,La Virgen del Camino,Spain,ES,42.5907,-5.65341
LER,Leinster Airport,Leinster Airport,Australia,AU,-27.8433,120.703
LET,Alfredo Vásquez Cobo International Airport,Leticia,Colombia,CO,-4.19115,-69.942
LEU,Pirineus - la Seu d'Urgel Airport,La Seu d'Urgell Pyrenees and Andorra,Spain,ES,42.3386,1.40917
LEX,Blue Grass Airport,Lexington,United States,US,38.0351,-84.6067
LFM,Lamerd Airport,Lamerd,Iran,IR,27.3727,53.1888
LFQ,Linfen Yaodu Airport,Linfen (Yaodu),China,CN,36.1326,111.641
LFT,Lafayette Regional Airport,Lafayette,United States,US,30.2053,-91.9876
LFW,Lomé–Tokoin International Airport,Lomé,Togo,TG,6.16561,1.25451
LGA,LaGuardia Airport,New York,United States,US,40.7772,-73.8726
LGB,Long Beach International Airport,Long Beach,United States,US,33.8165,-118.15
LGG,Liège Airport,Grâce-Hollogne,Belgium,BE,50.6386,5.4439
LGI,Deadman's Cay Airport,Deadman's Cay,Bahamas,BS,23.179,-75.0936
LGK,Langkawi International Airport,Langkawi,Malaysia,MY,6.32973,99.7287
LGW,London Gatwick Airport,London,United Kingdom,GB,51.1487,-0.185739
LHE,Allama Iqbal International Airport,Lahore,Pakistan,PK,31.5216,74.4036
LHG,Lightning Ridge Airport,Lightning Ridge Airport,Australia,AU,-29.4529,147.977
LHL,Lachin International Airport,Lachin,Azerbaijan,AZ,39.8838,46.3631
LHR,London Heathrow Airport,London,United Kingdom,GB,51.4707,-0.459909
LHS,Las Heras Airport,Las Heras,Argentina,AR,-46.5385,-68.9653
LHW,Lanzhou Zhongchuan International Airport,Lanzhou (Yongdeng),China,CN,36.5152,103.62
LIF,Lifou Airport,Lifou,New Caledonia,NC,-20.7746,167.239
LIG,Limoges Airport,Limoges/Bellegarde,France,FR,45.8628,1.17944
LIH,Lihue Airport,"Lihue, Kauai",United States,US,21.9744,-159.337
LIL,Lille Airport,Lesquin,France,FR,50.5666,3.10243
LIM,Jorge Chávez International Airport,Lima,Peru,PE,-12.0219,-77.1143
LIN,Milano Linate Airport,Segrate (MI),Italy,IT,45.4451,9.27674
LIO,Limón International Airport,Limón,Costa Rica,CR,9.95796,-83.022
LIR,Daniel Oduber Quirós International Airport,Liberia,Costa Rica,CR,10.5933,-85.5444
LIS,Lisbon Humberto Delgado Airport,Lisbon,Portugal,PT,38.7813,-9.13592
LIT,Bill & Hillary Clinton National Airport/Adams Field,Little Rock,United States,US,34.7292,-92.2236
LIW,Loikaw Airport,Loikaw,Myanmar,MM,19.6915,97.2148
LJG,Lijiang Sanyi International Airport,Lijiang,China,CN,26.6775,100.245
LJU,Ljubljana Jože Pučnik Airport,Zgornji Brnik,Slovenia,SI,46.2237,14.4576
LKL,"Lakselv Airport, Banak",Lakselv,Norway,NO,70.0688,24.9735
LKN,Leknes Airport,Leknes,Norway,NO,68.1525,13.6094
LKO,Chaudhary Charan Singh International Airport,Lucknow,India,IN,26.7606,80.8893
LLA,Luleå Airport,Luleå,Sweden,SE,65.5438,22.122
LLF,Yongzhou Lingling Airport,Yongzhou,China,CN,26.3387,111.61
LLV,Lüliang Dawu Airport,Lüliang,China,CN,37.6833,111.143
LLW,Kamuzu International Airport,Lumbadzi,Malawi,MW,-13.7894,33.781
LME,Le Mans-Arnage Airport,"Le Mans, Sarthe",France,FR,47.9486,0.201702
LMM,Valle del Fuerte International Airport,Los Mochis,Mexico,MX,25.6855,-109.081
LMN,Limbang Airport,Limbang,Malaysia,MY,4.8083,115.01
LMP,Lampedusa Airport,Lampedusa,Italy,IT,35.4979,12.6181
LNJ,Lincang Boshang Airport,Lincang,China,CN,23.7381,100.025
LNK,Lincoln Airport,Lincoln,United States,US,40.8449,-96.7618
LNL,Longnan Chengzhou Airport,Longnan (Cheng),China,CN,33.7899,105.79
LNO,Leonora Airport,Leonora,Australia,AU,-28.8781,121.315
LNS,Lancaster Airport,Lancaster,United States,US,40.1217,-76.2961
LNY,Lanai Airport,Lanai City,United States,US,20.7857,-156.951
LNZ,Linz-Hörsching Airport,Linz,Austria,AT,48.2354,14.1881
LOE,Loei Airport,Loei Airport,Thailand,TH,17.4391,101.722
LOO,Laghouat - Molay Ahmed Medeghri Airport,Laghouat,Algeria,DZ,33.7644,2.92834
LOP,Lombok International Airport,"Mataram (Pujut, Lombok Tengah)",Indonesia,ID,-8.75996,116.278
LOS,Murtala Muhammed International Airport,Lagos,Nigeria,NG,6.57737,3.32116
LPA,Gran Canaria Airport,Gran Canaria Island,Spain,ES,27.9319,-15.3866
LPB,El Alto International Airport,La Paz / El Alto,Bolivia,BO,-16.5103,-68.1894
LPF,Liupanshui Yuezhao Airport,Liupanshui (Zhongshan),China,CN,26.6094,104.979
LPI,Linköping City Airport,Linköping,Sweden,SE,58.4049,15.6845
LPK,Lipetsk Airport,Lipetsk,Russia,RU,52.7028,39.5378
LPL,Liverpool John Lennon Airport,Liverpool,United Kingdom,GB,53.3349,-2.84964
LPP,Lappeenranta Airport,Lappeenranta,Finland,FI,61.0446,28.1447
LPQ,Luang Phabang International Airport,Luang Phabang,Laos,LA,19.9043,102.167
LPT,Lampang Airport,Lampang Airport,Thailand,TH,18.2709,99.5042
LRD,Laredo International Airport,Laredo,United States,US,27.5438,-99.4616
LRE,Longreach Airport,Longreach,Australia,AU,-23.432,144.277
LRH,La Rochelle Île de Ré Airport,La Rochelle,France,FR,46.1792,-1.19528
LRM,Casa De Campo International Airport,La Romana,Dominican Republic,DO,18.4522,-68.9111
LRR,Lar Airport,Lar,Iran,IR,27.6747,54.3833
LRT,Lorient South Brittany (Bretagne Sud) Airport,Lorient/Lann/Bihoué,France,FR,47.7606,-3.44
LRU,Las Cruces International Airport,Las Cruces,United States,US,32.2894,-106.922
LSC,La Florida Airport,La Serena-Coquimbo,Chile,CL,-29.9162,-71.1995
LSE,La Crosse Regional Airport,La Crosse,United States,US,43.879,-91.2567
LSG,Leshan Airport,Leshan (Wutongqiao),China,CN,29.4386,103.749
LSH,Lashio Airport,Lashio,Myanmar,MM,22.9779,97.7522
LSI,Sumburgh Airport,"Lerwick, Shetland",United Kingdom,GB,59.8789,-1.29556
LSP,Josefa Camejo International Airport,Paraguaná,Venezuela,VE,11.7808,-70.1515
LSR,Alas Leuser Airport,Kutacane,Indonesia,ID,3.39146,97.8637
LST,Launceston Airport,Launceston (Western Junction),Australia,AU,-41.5449,147.211
LSY,Lismore Airport,Lismore,Australia,AU,-28.8307,153.258
LTD,Ghadames Airport,Ghadames,Libya,LY,30.1455,9.70209
LTI,Altai Airport,Altai,Mongolia,MN,46.3764,96.2211
LTK,Latakia International Airport,Latakia,Syria,SY,35.4011,35.9487
LTM,Lethem Airport,Lethem,Guyana,GY,3.37276,-59.7894
LTN,London Luton Airport,"Luton, Luton",United Kingdom,GB,51.8747,-0.368333
LTO,Loreto International Airport,Loreto,Mexico,MX,25.9895,-111.348
LTU,Murod Kond Airport,Latur,India,IN,18.4115,76.4647
LTX,Cotopaxi International Airport,Latacunga,Ecuador,EC,-0.906833,-78.6158
LUA,Tenzing-Hillary Airport,Lukla,Nepal,NP,27.6868,86.7295
LUD,Luderitz Airport,Luderitz,Namibia,NA,-26.6874,15.2429
LUG,Lugano Airport,Agno,Switzerland,CH,46.0043,8.91058
LUK,Cincinnati Municipal Airport Lunken Field,Cincinnati,United States,US,39.1024,-84.4189
LUM,Dehong Mangshi International Airport,Dehong (Mangshi),China,CN,24.4011,98.5317
LUN,Kenneth Kaunda International Airport,Lusaka,Zambia,ZM,-15.3308,28.4527
LUQ,Brigadier Mayor D Cesar Raul Ojeda Airport,San Luis,Argentina,AR,-33.2732,-66.3564
LUR,Cape Lisburne LRRS Airport,Cape Lisburne,United States,US,68.8751,-166.11
LUV,Karel Sadsuitubun Airport,Langgur,Indonesia,ID,-5.76028,132.759
LUX,Luxembourg-Findel International Airport,Luxembourg,Luxembourg,LU,49.6268,6.21213
LUZ,Lublin Airport,Lublin,Poland,PL,51.2402,22.7135
LVI,Harry Mwanga Nkumbula International Airport,Livingstone,Zambia,ZM,-17.8215,25.8196
LWB,Greenbrier Valley Airport,Lewisburg,United States,US,37.8579,-80.4004
LWN,Shirak International Airport,Gyumri,Armenia,AM,40.7504,43.8593
LWO,Lviv International Airport,Lviv,Ukraine,UA,49.8125,23.9561
LWS,Lewiston Nez Perce County Airport,Lewiston,United States,US,46.3745,-117.015
LXA,Lhasa Gonggar International Airport,Shannan (Gonggar),China,CN,29.298,90.912
LXR,Luxor International Airport,Luxor,Egypt,EG,25.671,32.7064
LYA,Luoyang Beijiao Airport,Luoyang (Laocheng),China,CN,34.7411,112.388
LYC,Lycksele Airport,Lycksele,Sweden,SE,64.5483,18.7162
LYG,Lianyungang Huaguoshan International Airport,Lianyungang,China,CN,34.4141,119.179
LYH,Lynchburg Regional Airport - Preston Glenn Field,Lynchburg,United States,US,37.3267,-79.2004
LYI,Linyi Qiyang Airport,Linyi (Hedong),China,CN,35.0529,118.412
LYP,Faisalabad International Airport,Faisalabad,Pakistan,PK,31.3649,72.9953
LYR,"Svalbard Airport, Longyear",Longyearbyen,Norway,NO,78.2461,15.4656
LYS,Lyon Saint-Exupéry Airport,"Colombier-Saugnieu, Rhône",France,FR,45.726,5.09014
LZG,Langzhong Gucheng Airport,Nanchong (Langzhong),China,CN,31.5019,106.034
LZH,Liuzhou Bailian Airport / Bailian Air Base,Liuzhou (Liujiang),China,CN,24.2075,109.391
LZN,Matsu Nangan Airport,Matsu (Nangan),Taiwan,TW,26.1597,119.958
LZO,Luzhou Yunlong Airport,Luzhou (Yunlong),China,CN,29.0304,105.468
LZY,Nyingchi Mainling Airport,Nyingchi (Mainling),China,CN,29.3033,94.3353
MAA,Chennai International Airport,Chennai,India,IN,12.99,80.1693
MAB,João Correa da Rocha Airport,Marabá,Brazil,BR,-5.36859,-49.138
MAD,Adolfo Suárez Madrid–Barajas Airport,Madrid,Spain,ES,40.4934,-3.57225
MAF,Midland International Air and Space Port,Midland,United States,US,31.9425,-102.202
MAG,Madang Airport,Madang,Papua New Guinea,PG,-5.20708,145.789
MAH,Menorca Airport,Mahón (Maó),Spain,ES,39.8626,4.21865
MAJ,Marshall Islands International Airport,Majuro Atoll,Marshall Islands,MH,7.06511,171.272
MAK,Malakal International Airport,Malakal,South Sudan,SS,9.55874,31.6519
MAM,General Servando Canales International Airport,Matamoros,Mexico,MX,25.7699,-97.5253
MAN,Manchester Airport,"Manchester, Greater Manchester",United Kingdom,GB,53.3494,-2.27952
MAO,Eduardo Gomes International Airport,Manaus,Brazil,BR,-3.03861,-60.0497
MAQ,Mae Sot Airport,Mae Sot Airport,Thailand,TH,16.6999,98.5451
MAR,La Chinita International Airport,Maracaibo,Venezuela,VE,10.5575,-71.7293
MAS,Momote Airport,Manus Island,Papua New Guinea,PG,-2.06189,147.424
MAU,Maupiti Airport,Maupiti Airport,French Polynesia,PF,-16.4265,-152.244
MAZ,Eugenio Maria De Hostos Airport,Mayaguez,Puerto Rico,PR,18.2557,-67.1485
MBA,Moi International Airport,Mombasa,Kenya,KE,-4.03483,39.5942
MBD,Mmabatho International Airport,Mafeking,South Africa,ZA,-25.7984,25.548
MBE,Monbetsu Airport,Monbetsu,Japan,JP,44.3039,143.404
MBI,Songwe Airport,Mbeya,Tanzania,TZ,-8.91994,33.274
MBJ,Sangster International Airport,Montego Bay,Jamaica,JM,18.5034,-77.9132
MBS,MBS International Airport,Freeland,United States,US,43.5332,-84.0831
MBT,Moises R. Espinosa Airport,Masbate,Philippines,PH,12.3697,123.63
MBW,Melbourne Moorabbin Airport,Melbourne,Australia,AU,-37.9778,145.1
MBX,Maribor Edvard Rusjan Airport,Maribor,Slovenia,SI,46.4799,15.6861
MCE,Merced Regional Macready Field,Merced,United States,US,37.2847,-120.514
MCG,McGrath Airport,McGrath,United States,US,62.9529,-155.606
MCI,Kansas City International Airport,Kansas City,United States,US,39.3017,-94.7139
MCK,McCook Ben Nelson Regional Airport,McCook,United States,US,40.2078,-100.593
MCN,Middle Georgia Regional Airport,Macon,United States,US,32.6928,-83.6492
MCO,Orlando International Airport,Orlando,United States,US,28.4294,-81.309
MCP,Macapá - Alberto Alcolumbre International Airport,Macapá,Brazil,BR,0.050664,-51.0722
MCT,Muscat International Airport,Muscat/Seeb,Oman,OM,23.6002,58.2853
MCW,Mason City Municipal Airport,Mason City,United States,US,43.1598,-93.3297
MCX,Makhachkala Uytash International Airport,Makhachkala,Russia,RU,42.8168,47.6523
MCY,Sunshine Coast Airport,Maroochydore,Australia,AU,-26.5933,153.083
MCZ,Zumbi dos Palmares International Airport,Maceió,Brazil,BR,-9.51256,-35.7918
MDC,Sam Ratulangi International Airport,Manado,Indonesia,ID,1.54859,124.926
MDE,Jose Maria Córdova International Airport,Medellín,Colombia,CO,6.16454,-75.4231
MDG,Mudanjiang Hailang International Airport,Mudanjiang,China,CN,44.5252,129.569
MDI,Makurdi Airport,Makurdi,Nigeria,NG,7.70388,8.61394
MDK,Mbandaka Airport,Mbandaka,Democratic Republic of the Congo,CD,0.0226,18.2887
MDL,Mandalay International Airport,Mandalay,Myanmar,MM,21.7022,95.9779
MDQ,Ástor Piazzola International Airport,Mar del Plata,Argentina,AR,-37.9342,-57.5733
MDT,Harrisburg International Airport,Harrisburg,United States,US,40.1928,-76.7623
MDU,Mendi Airport,Mendi,Papua New Guinea,PG,-6.14774,143.657
MDW,Chicago Midway International Airport,Chicago,United States,US,41.786,-87.7524
MDZ,Governor Francisco Gabrielli International Airport,Mendoza,Argentina,AR,-32.8317,-68.7929
MEB,Melbourne Essendon Airport,Essendon Fields,Australia,AU,-37.7281,144.902
MEC,Eloy Alfaro International Airport,Manta,Ecuador,EC,-0.946078,-80.6788
MED,Prince Mohammad Bin Abdulaziz Airport,Medina,Saudi Arabia,SA,24.5534,39.7051
MEE,Maré Airport,Maré,New Caledonia,NC,-21.4824,168.038
MEG,Malanje Airport,Malanje,Angola,AO,-9.52509,16.3124
MEH,Mehamn Airport,Mehamn,Norway,NO,71.0297,27.8267
MEI,Key Field / Meridian Regional Airport,Meridian,United States,US,32.3326,-88.7519
MEL,Melbourne Airport,Melbourne,Australia,AU,-37.6707,144.838
MEM,Frederick W. Smith International Airport,Memphis,United States,US,35.0438,-89.9763
MEQ,Cut Nyak Dhien Airport,Kuala Pesisir,Indonesia,ID,4.041,96.2533
MEX,Mexico City Benito Juárez International Airport,Mexico City,Mexico,MX,19.4358,-99.0703
MFE,McAllen Miller International Airport,McAllen,United States,US,26.1761,-98.238
MFK,Matsu Beigan Airport,Matsu (Beigan),Taiwan,TW,26.2241,120.003
MFM,Macau International Airport,Nossa Senhora do Carmo,Macau,MO,22.1496,113.592
MFR,Rogue Valley International-Medford Airport,Medford,United States,US,42.3742,-122.873
MFU,Mfuwe International Airport,Mfuwe,Zambia,ZM,-13.2589,31.9366
MGA,Augusto C. Sandino (Managua) International Airport,Managua,Nicaragua,NI,12.1415,-86.1682
MGB,Mount Gambier Airport,Mount Gambier,Australia,AU,-37.7444,140.781
MGC,Michigan City Municipal Airport,Michigan City,United States,US,41.7033,-86.8212
MGF,Regional de Maringá - Sílvio Name Júnior Airport,Maringá,Brazil,BR,-23.4761,-52.0162
MGH,Margate Airport,Margate,South Africa,ZA,-30.8574,30.343
MGM,Montgomery Regional (Dannelly Field) Airport,Montgomery,United States,US,32.3006,-86.394
MGQ,Aden Adde International Airport,Mogadishu,Somalia,SO,2.01444,45.3047
MGW,Morgantown Municipal Airport Walter L. (Bill) Hart Field,Morgantown,United States,US,39.6433,-79.9176
MGZ,Myeik Airport,Mkeik,Myanmar,MM,12.4398,98.6215
MHD,Mashhad International Airport,Mashhad,Iran,IR,36.2348,59.6429
MHG,Mannheim-City Airport,Mannheim,Germany,DE,49.4731,8.51417
MHH,Leonard M. Thompson International Airport,Marsh Harbour,Bahamas,BS,26.5107,-77.0843
MHK,Manhattan Regional Airport,Manhattan,United States,US,39.141,-96.6708
MHQ,Mariehamn Airport,Mariehamn,Finland,FI,60.1222,19.8982
MHT,Manchester-Boston Regional Airport,Manchester,United States,US,42.9326,-71.4357
MHU,Mount Hotham Airport,Mount Hotham,Australia,AU,-37.0475,147.334
MIA,Miami International Airport,Miami,United States,US,25.796,-80.2898
MID,Manuel Crescencio Rejón International Airport,Mérida,Mexico,MX,20.9305,-89.6455
MIG,Mianyang Nanjiao Airport,Mianyang (Fucheng),China,CN,31.4281,104.741
MII,Frank Miloye Milenkowichi–Marília State Airport,Marília,Brazil,BR,-22.1969,-49.9265
MIM,Merimbula Airport,Merimbula,Australia,AU,-36.9086,149.901
MIR,Monastir Habib Bourguiba International Airport,Monastir,Tunisia,TN,35.7581,10.7547
MIU,Maiduguri International Airport,Maiduguri,Nigeria,NG,11.8542,13.0807
MJF,"Mosjøen Airport, Kjærstad",Mosjøen,Norway,NO,65.784,13.2149
MJI,Mitiga International Airport,Tripoli,Libya,LY,32.8918,13.2879
MJK,Shark Bay Airport,Denham,Australia,AU,-25.8973,113.576
MJM,Mbuji Mayi Airport,Mbuji Mayi,Democratic Republic of the Congo,CD,-6.12124,23.569
MJN,Amborovy Airport,Mahajanga,Madagascar,MG,-15.6668,46.3512
MJT,Mytilene International Airport,Mytilene,Greece,GR,39.0574,26.5986
MJZ,Mirny Airport,Mirny,Russia,RU,62.5347,114.039
MKE,General Mitchell International Airport,Milwaukee,United States,US,42.9472,-87.8966
MKG,Muskegon County Airport,Muskegon,United States,US,43.1695,-86.2382
MKK,Molokai Airport,Kaunakakai,United States,US,21.1529,-157.096
MKL,McKellar-Sipes Regional Airport,Jackson,United States,US,35.5999,-88.9156
MKM,Mukah Airport,Mukah,Malaysia,MY,2.88194,112.043
MKP,Makemo Airport,Makemo,French Polynesia,PF,-16.5839,-143.658
MKQ,Mopah International Airport,Merauke,Indonesia,ID,-8.5239,140.42
MKR,Meekatharra Airport,Meekatharra Airport,Australia,AU,-26.6117,118.548
MKU,Makokou Airport,Makokou,Gabon,GA,0.579211,12.8909
MKW,Rendani Airport,Manokwari,Indonesia,ID,-0.891833,134.049
MKY,Mackay Airport,Mackay,Australia,AU,-21.1708,149.183
MKZ,Malacca International Airport,Malacca,Malaysia,MY,2.26561,102.253
MLA,Malta International Airport,Valletta,Malta,MT,35.8459,14.4915
MLB,Melbourne Orlando International Airport,Melbourne,United States,US,28.102,-80.6411
MLE,Velana International Airport,Malé,Maldives,MV,4.19183,73.5291
MLG,Abdul Rachman Saleh Airport,Malang,Indonesia,ID,-7.9291,112.714
MLI,Quad City International Airport,Moline,United States,US,41.4485,-90.5075
MLM,General Francisco J. Mujica International Airport,Morelia,Mexico,MX,19.8499,-101.025
MLN,Melilla Airport,Melilla,Spain,ES,35.2798,-2.95626
MLU,Monroe Regional Airport,Monroe,United States,US,32.5109,-92.0377
MLW,Spriggs Payne Airport,Monrovia,Liberia,LR,6.28906,-10.7587
MLX,Malatya Erhaç Airport,Malatya,Turkey,TR,38.4353,38.091
MMB,Memanbetsu Airport,Ōzora,Japan,JP,43.8806,144.164
MMD,Minamidaito Airport,Minamidaito,Japan,JP,25.8465,131.263
MME,Teesside International Airport,"Darlington, Durham",United Kingdom,GB,54.5092,-1.42941
MMG,Mount Magnet Airport,Mount Magnet Airport,Australia,AU,-28.1161,117.842
MMH,Mammoth Yosemite Airport,Mammoth Lakes,United States,US,37.6254,-118.843
MMJ,Shinshu-Matsumoto Airport,Matsumoto,Japan,JP,36.1668,137.923
MMK,Emperor Nicholas II Murmansk Airport,Murmansk,Russia,RU,68.7817,32.7508
MMO,Maio Airport,Vila do Maio,Cape Verde,CV,15.1559,-23.2137
MMX,Malmö Sturup Airport,Malmö,Sweden,SE,55.5356,13.3763
MMY,Miyako Airport,Miyakojima,Japan,JP,24.7828,125.295
MNC,Nacala International Airport,Nacala,Mozambique,MZ,-14.4882,40.7122
MNG,Maningrida Airport,Maningrida,Australia,AU,-12.0561,134.234
MNI,John A. Osborne Airport,Gerald's Park,Montserrat,MS,16.7918,-62.1932
MNJ,Mananjary Airport,Mananjary,Madagascar,MG,-21.2018,48.3583
MNL,Ninoy Aquino International Airport,Manila (Pasay),Philippines,PH,14.5086,121.02
MNX,Manicoré Airport,Manicoré,Brazil,BR,-5.81138,-61.2783
MOB,Mobile Regional Airport,Mobile,United States,US,30.6912,-88.2428
MOC,Mário Ribeiro Airport,Montes Claros,Brazil,BR,-16.7069,-43.8189
MOG,Mong Hsat Airport,Mong Hsat,Myanmar,MM,20.5168,99.2568
MOL,"Molde Airport, Årø",Årø,Norway,NO,62.7447,7.2625
MOQ,Morondava Airport,Morondava,Madagascar,MG,-20.2847,44.3176
MOT,Minot International Airport,Minot,United States,US,48.258,-101.279
MOV,Moranbah Airport,Moranbah,Australia,AU,-22.0578,148.077
MOZ,Moorea Temae Airport,Moorea-Maiao,French Polynesia,PF,-17.4898,-149.762
MPA,Katima Mulilo Airport,Mpacha,Namibia,NA,-17.6343,24.1767
MPH,Godofredo P. Ramos Airport,Caticlan,Philippines,PH,11.9245,121.954
MPL,Montpellier-Méditerranée Airport,Montpellier/Méditerranée,France,FR,43.5762,3.96301
MPM,Maputo Airport,Maputo,Mozambique,MZ,-25.9208,32.5726
MPN,Mount Pleasant Airport / RAF Mount Pleasant,Mount Pleasant,Falkland Islands,FK,-51.8226,-58.4458
MPW,Mariupol International Airport,Mariupol,Ukraine,UA,47.0761,37.4496
MPY,Maripasoula Airport,Maripasoula,French Guiana,GF,3.65591,-54.0394
MQF,Magnitogorsk International Airport,Magnitogorsk,Russia,RU,53.392,58.7552
MQJ,Moma Airport,Khonuu,Russia,RU,66.4509,143.262
MQL,Mildura Airport,Mildura,Australia,AU,-34.2292,142.086
MQM,Mardin Airport,Mardin,Turkey,TR,37.2233,40.6317
MQN,"Mo i Rana Airport, Røssvoll",Mo i Rana,Norway,NO,66.3639,14.3014
MQP,Kruger Mpumalanga International Airport,Mbombela,South Africa,ZA,-25.3833,31.1053
MQS,Mustique Airport,Lovell,Saint Vincent and the Grenadines,VC,12.8879,-61.1802
MQT,Marquette/Sawyer International Airport,Gwinn,United States,US,46.3515,-87.3959
MQX,Mekele Alula Aba Nega Airport,Mekele,Ethiopia,ET,13.4674,39.5335
MRE,Mara Serena Lodge Airstrip,Serena,Kenya,KE,-1.40459,35.0083
MRI,Merrill Field,Anchorage,United States,US,61.2128,-149.844
MRS,Marseille Provence Airport,"Marignane, Bouches-du-Rhône",France,FR,43.4381,5.2125
MRU,Sir Seewoosagur Ramgoolam International Airport,Plaine Magnien,Mauritius,MU,-20.4302,57.6836
MRV,Mineralnye Vody Airport,Mineralnyye Vody,Russia,RU,44.2251,43.0819
MRX,Mahshahr Airport,Mahshahr,Iran,IR,30.5562,49.1519
MRY,Monterey Regional Airport,Monterey,United States,US,36.5868,-121.844
MRZ,Moree Airport,Moree,Australia,AU,-29.4989,149.845
MSJ,Misawa Airport / Misawa Air Base,Misawa,Japan,JP,40.7032,141.368
MSL,Northwest Alabama Regional Airport,Muscle Shoals,United States,US,34.7451,-87.613
MSN,Dane County Regional Truax Field,Madison,United States,US,43.1399,-89.3375
MSO,Missoula Montana Airport,Missoula,United States,US,46.9158,-114.091
MSP,Minneapolis–Saint Paul International Airport / Wold–Chamberlain Field,Minneapolis,United States,US,44.8801,-93.2217
MSQ,Minsk National Airport,Minsk,Belarus,BY,53.8881,28.04
MSR,Muş Airport,Muş,Turkey,TR,38.7478,41.6612
MSS,Massena International Airport Richards Field,Massena,United States,US,44.9362,-74.8443
MST,Maastricht Aachen Airport,Maastricht,Netherlands,NL,50.9111,5.7694
MSU,Moshoeshoe I International Airport,Maseru(Mazenod),Lesotho,LS,-29.4563,27.5545
MSY,Louis Armstrong New Orleans International Airport,New Orleans,United States,US,29.9934,-90.2647
MSZ,Welwitschia Mirabilis International Airport,Moçâmedes,Angola,AO,-15.2612,12.1468
MTJ,Montrose Regional Airport,Montrose,United States,US,38.5098,-107.894
MTR,Los Garzones Airport,Montería,Colombia,CO,8.82374,-75.8258
MTT,Minatitlán/Coatzacoalcos International Airport,Cosoleacaque,Mexico,MX,18.1034,-94.5807
MTY,Monterrey International Airport,Monterrey,Mexico,MX,25.7785,-100.107
MUA,Munda Airport,Munda,Solomon Islands,SB,-8.32797,157.263
MUB,Maun International Airport,Maun,Botswana,BW,-19.9705,23.4314
MUC,Munich Airport,Munich,Germany,DE,48.3538,11.7861
MUE,Waimea Kohala Airport,Waimea (Kamuela),United States,US,20.0013,-155.668
MUH,Mersa Matruh International Airport,Marsa Matruh,Egypt,EG,31.3243,27.2223
MUN,José Tadeo Monagas International Airport,Maturín,Venezuela,VE,9.74902,-63.1533
MUR,Marudi Airport,Marudi,Malaysia,MY,4.17873,114.33
MUX,Multan International Airport,Multan,Pakistan,PK,30.2032,71.4191
MVB,M'Vengue El Hadj Omar Bongo Ondimba International Airport,Franceville,Gabon,GA,-1.65616,13.438
MVD,Carrasco General Cesáreo L. Berisso International Airport,Ciudad de la Costa,Uruguay,UY,-34.8356,-56.0265
MVF,Dix-Sept Rosado Airport,Mossoró,Brazil,BR,-5.20192,-37.3643
MVP,Fabio Alberto Leon Bentley Airport,Mitú,Colombia,CO,1.25366,-70.2339
MVQ,Mogilev Airport,Mogilev,Belarus,BY,53.9549,30.0951
MVR,Salak Airport,Maroua,Cameroon,CM,10.4514,14.2574
MVT,Mataiva Airport,Mataiva Airport,French Polynesia,PF,-14.8681,-148.717
MWA,Veterans Airport of Southern Illinois,Marion,United States,US,37.7512,-89.0166
MWL,Mineral Wells Regional Airport,Mineral Wells,United States,US,32.7816,-98.0602
MWX,Muan International Airport,Muan (Piseo-ri),South Korea,KR,34.9914,126.383
MWZ,Mwanza International Airport,Mwanza,Tanzania,TZ,-2.44656,32.936
MXL,General Rodolfo Sánchez Taboada International Airport,Mexicali,Mexico,MX,32.6306,-115.243
MXP,Milan Malpensa International Airport,Ferno (VA),Italy,IT,45.6306,8.72811
MXV,Mörön Airport,Mörön,Mongolia,MN,49.6637,100.1
MXX,Mora Airport,Mora,Sweden,SE,60.9579,14.5114
MYA,Moruya Airport,Moruya,Australia,AU,-35.8978,150.144
MYD,Malindi International Airport,Malindi,Kenya,KE,-3.22931,40.1017
MYE,Miyakejima Airport,Miyakejima,Japan,JP,34.0736,139.56
MYG,Mayaguana Airport,Abraham Bay Settlement,Bahamas,BS,22.3795,-73.0135
MYJ,Matsuyama Airport,Matsuyama,Japan,JP,33.8269,132.7
MYL,McCall Municipal Airport,McCall,United States,US,44.8888,-116.101
MYP,Mary International Airport,Mary,Turkmenistan,TM,37.6235,61.8957
MYQ,Mysore Airport,Mysore,India,IN,12.2298,76.6537
MYR,Myrtle Beach International Airport,Myrtle Beach,United States,US,33.6797,-78.9283
MYT,Myitkyina Airport,Myitkyina,Myanmar,MM,25.3836,97.3519
MYU,Mekoryuk Airport,Mekoryuk,United States,US,60.3723,-166.27
MYW,Mtwara Airport,Mtwara,Tanzania,TZ,-10.3362,40.182
MYY,Miri Airport,Miri,Malaysia,MY,4.32201,113.987
MZG,Penghu Magong Airport,Huxi,Taiwan,TW,23.5687,119.628
MZI,Mopti Airport,Sévaré,Mali,ML,14.5128,-4.07956
MZL,La Nubia Airport,Manizales,Colombia,CO,5.0296,-75.4647
MZO,Sierra Maestra International Airport,Manzanillo,Cuba,CU,20.2886,-77.0875
MZQ,Mkuze Airport,Mkuze,South Africa,ZA,-27.6261,32.0443
MZR,Mazar-i-Sharif International Airport,Mazar-i-Sharif,Afghanistan,AF,36.7041,67.2105
MZS,Moradabad Airport,Moradabad,India,IN,28.8175,78.9219
MZT,General Rafael Buelna International Airport,Mazatlàn,Mexico,MX,23.1628,-106.265
MZV,Mulu Airport,Mulu,Malaysia,MY,4.04833,114.805
MZW,Mecheria Airport,Mecheria,Algeria,DZ,33.5359,-0.242353
NAA,Narrabri Airport,Narrabri,Australia,AU,-30.3192,149.827
NAG,Dr. Babasaheb Ambedkar International Airport,Nagpur,India,IN,21.0922,79.0472
NAH,Naha Airport,"Tabukan Utara, Sangihe Islands",Indonesia,ID,3.68478,125.527
NAJ,Nakhchivan International Airport,Nakhchivan,Azerbaijan,AZ,39.1888,45.4584
NAL,Nalchik Airport,Nalchik,Russia,RU,43.5129,43.6366
NAM,Namniwel Airport,Namniwel,Indonesia,ID,-3.14316,126.976
NAN,Nadi International Airport,Nadi,Fiji,FJ,-17.7618,177.438
NAP,Naples International Airport,Napoli,Italy,IT,40.886,14.2908
NAQ,Qaanaaq Airport,Qaanaaq,Greenland,GL,77.4886,-69.3887
NAS,Lynden Pindling International Airport,Nassau,Bahamas,BS,25.039,-77.4662
NAT,Rio Grande do Norte/São Gonçalo do Amarante–Governador Aluízio Alves International Airport,Natal,Brazil,BR,-5.76982,-35.3666
NAV,Nevşehir Kapadokya Airport,Nevşehir,Turkey,TR,38.7719,34.5345
NAW,Narathiwat Airport,Narathiwat Airport,Thailand,TH,6.51992,101.743
NBC,Begishevo Airport,Nizhnekamsk,Russia,RU,55.5647,52.0925
NBE,Enfidha - Hammamet International Airport,Enfidha,Tunisia,TN,36.0758,10.4386
NBJ,Dr. Antonio Agostinho Neto International Airport,Luanda (Ícolo e Bengo),Angola,AO,-9.05073,13.4991
NBO,Jomo Kenyatta International Airport,Nairobi,Kenya,KE,-1.31889,36.9282
NBS,Changbaishan Airport,Baishan,China,CN,42.0669,127.602
NCA,North Caicos Airport,North Caicos,Turks and Caicos Islands,TC,21.9161,-71.943
NCE,Nice-Côte d'Azur Airport,"Nice, Alpes-Maritimes",France,FR,43.6584,7.21587
NCL,Newcastle International Airport,"Newcastle upon Tyne, Tyne and Wear",United Kingdom,GB,55.038,-1.68958
NCU,Nukus International Airport,Nukus,Uzbekistan,UZ,42.4884,59.6233
NCY,Annecy Meythet airport,Annecy,France,FR,45.9289,6.0987
NDB,Nouadhibou International Airport,Nouadhibou,Mauritania,MR,20.9324,-17.0302
NDC,Nanded Airport,Nanded,India,IN,19.1833,77.3167
NDG,Qiqihar Sanjiazi Airport,Qiqihar,China,CN,47.23,123.914
NDJ,N'Djamena International Airport,N'Djamena,Chad,TD,12.1337,15.034
NDR,Nador Al Aaroui International Airport,Al Aaroui,Morocco,MA,34.9888,-3.02821
NDU,Rundu Airport,Rundu,Namibia,NA,-17.9565,19.7194
NEC,Necochea Airport,Necochea,Argentina,AR,-38.4907,-58.8163
NER,Chulman Airport,Neryungri,Russia,RU,56.9139,124.914
NEV,Vance W. Amory International Airport,Charlestown,Saint Kitts and Nevis,KN,17.2057,-62.5899
NGB,Ningbo Lishe International Airport,Ningbo,China,CN,29.8267,121.462
NGE,N'Gaoundéré Airport,N'Gaoundéré,Cameroon,CM,7.35701,13.5592
NGO,Chubu Centrair International Airport,Tokoname,Japan,JP,34.8584,136.805
NGQ,Ngari Gunsa Airport,Shiquanhe,China,CN,32.0979,80.054
NGS,Nagasaki Airport,Nagasaki,Japan,JP,32.9169,129.914
NHV,Nuku Hiva Airport,Nuku Hiva,French Polynesia,PF,-8.7956,-140.229
NIM,Diori Hamani International Airport,Niamey,Niger,NE,13.4815,2.18361
NJC,Nizhnevartovsk Airport,Nizhnevartovsk,Russia,RU,60.9493,76.4836
NJF,Al Najaf International Airport,Najaf,Iraq,IQ,31.9911,44.405
NKC,Nouakchott–Oumtounsy International Airport,Nouakchott,Mauritania,MR,18.31,-15.9697
NKG,Nanjing Lukou International Airport,Nanjing,China,CN,31.735,118.866
NKM,Nagoya Airport / JASDF Komaki Air Base,Nagoya,Japan,JP,35.2558,136.924
NKT,Şırnak Şerafettin Elçi Airport,Şırnak,Turkey,TR,37.3647,42.0582
NLA,Simon Mwansa Kapwepwe International Airport,Ndola,Zambia,ZM,-12.9651,28.5156
NLD,Quetzalcóatl International Airport,Nuevo Laredo,Mexico,MX,27.4439,-99.5705
NLH,Ninglang Luguhu Airport,Ninglang,China,CN,27.5403,100.759
NLI,Nikolayevsk-na-Amure Airport,Nikolayevsk-na-Amure Airport,Russia,RU,53.155,140.65
NLK,Norfolk Island International Airport,Burnt Pine,Norfolk Island,NF,-29.0418,167.939
NLT,Xinyuan Nalati Airport,Xinyuan,China,CN,43.4318,83.3786
NLU,Felipe Ángeles International Airport,Mexico City,Mexico,MX,19.7438,-99.0151
NMA,Namangan International Airport,Namangan,Uzbekistan,UZ,40.9846,71.5578
NMF,Maafaru International Airport,Noonu Atoll,Maldives,MV,5.81741,73.4684
NMI,Navi Mumbai International Airport,Navi Mumbai,India,IN,18.9846,73.0653
NNG,Nanning Wuxu International Airport,Nanning (Jiangnan),China,CN,22.5981,108.182
NNM,Naryan Mar Airport,Naryan Mar,Russia,RU,67.64,53.1219
NNT,Nan Airport,Nan Airport,Thailand,TH,18.8079,100.783
NOB,Nosara Airport,Nicoya,Costa Rica,CR,9.97649,-85.653
NOC,Ireland West Airport Knock,Charlestown,Ireland,IE,53.9104,-8.817
NOJ,Noyabrsk Airport,Noyabrsk,Russia,RU,63.1833,75.27
NOP,Sinop Airport,Sinop,Turkey,TR,42.0183,35.0718
NOS,Nosy Be International Airport,Nosy Be,Madagascar,MG,-13.3121,48.3148
NOU,La Tontouta International Airport,Nouméa (La Tontouta),New Caledonia,NC,-22.0146,166.213
NOV,Albano Machado Airport,Huambo,Angola,AO,-12.8089,15.7605
NOZ,Spichenkovo Airport,Novokuznetsk,Russia,RU,53.8114,86.8772
NPE,Hawke's Bay Airport,Napier,New Zealand,NZ,-39.4658,176.87
NPL,New Plymouth Airport,New Plymouth,New Zealand,NZ,-39.0086,174.179
NPO,Nanga Pinoh Airport,Nanga Pinoh-Borneo Island,Indonesia,ID,-0.34864,111.746
NPT,Newport State Airport,Newport,United States,US,41.5322,-71.281
NQN,Presidente Perón International Airport,Neuquén,Argentina,AR,-38.949,-68.1557
NQY,Cornwall Airport Newquay,Newquay,United Kingdom,GB,50.4406,-4.99541
NQZ,Nursultan Nazarbayev International Airport,Astana,Kazakhstan,KZ,51.027,71.4671
NRA,Narrandera Airport,Narrandera,Australia,AU,-34.7022,146.512
NRK,Norrköping Airport,Norrköping,Sweden,SE,58.5863,16.2506
NRN,Weeze (Niederrhein) Airport,Weeze,Germany,DE,51.6014,6.14123
NRR,José Aponte de la Torre Airport,Ceiba,Puerto Rico,PR,18.2473,-65.6398
NRT,Narita International Airport,Narita,Japan,JP,35.7686,140.389
NSH,Nowshahr Airport,Nowshahr,Iran,IR,36.6643,51.4627
NSI,Yaoundé Nsimalen International Airport,Yaoundé,Cameroon,CM,3.72256,11.5533
NSK,Alykel International Airport,Norilsk,Russia,RU,69.308,87.3259
NSN,Nelson Airport,Nelson,New Zealand,NZ,-41.2967,173.224
NST,Nakhon Si Thammarat Airport,Nakhon Si Thammarat,Thailand,TH,8.53962,99.9447
NTE,Nantes Atlantique Airport,Nantes,France,FR,47.1532,-1.61073
NTG,Nantong Xingdong International Airport,Nantong (Tongzhou),China,CN,32.0736,120.98
NTL,Newcastle Airport,Williamtown,Australia,AU,-32.7961,151.835
NTN,Normanton Airport,Normanton,Australia,AU,-17.6841,141.07
NTQ,Noto Satoyama Airport,Wajima,Japan,JP,37.2931,136.962
NTX,Ranai Airport,Ranai-Natuna Besar Island,Indonesia,ID,3.90871,108.388
NUE,Nuremberg Airport,Nuremberg,Germany,DE,49.4987,11.0781
NUI,Nuiqsut Airport,Nuiqsut,United States,US,70.21,-151.006
NUM,Neom Bay Airport,Sharma,Saudi Arabia,SA,27.9243,35.2936
NUX,Novy Urengoy Airport,Novy Urengoy,Russia,RU,66.0694,76.5203
NVA,Benito Salas Airport,Neiva,Colombia,CO,2.95015,-75.294
NVI,Navoi International Airport,Navoi,Uzbekistan,UZ,40.1176,65.1727
NVT,Ministro Victor Konder International Airport,Navegantes,Brazil,BR,-26.8794,-48.651
NWI,Norwich Airport,"Norwich, Norfolk",United Kingdom,GB,52.6758,1.28278
NYA,Nyagan Airport,Nyagan,Russia,RU,62.11,65.615
NYI,Sunyani Airport,Sunyani,Ghana,GH,7.36183,-2.32876
NYK,Nanyuki Civil Airport,Gathiuru,Kenya,KE,-0.062352,37.0413
NYM,Nadym Airport,Nadym,Russia,RU,65.4809,72.6989
NYO,Stockholm Skavsta Airport,Nyköping,Sweden,SE,58.7897,16.9115
NYT,Nay Pyi Taw International Airport,Naypyitaw,Myanmar,MM,19.6235,96.201
NZC,Maria Reiche Neuman Airport,Nazca,Peru,PE,-14.854,-74.9615
NZH,Manzhouli Xijiao Airport,Manzhouli,China,CN,49.5667,117.33
NZL,Zhalantun Genghis Khan Airport,Zhalantun,China,CN,47.8659,122.769
OAJ,Albert J Ellis Airport,Richlands,United States,US,34.8292,-77.6121
OAK,Oakland San Francisco Bay Airport,Oakland,United States,US,37.7201,-122.221
OAX,Xoxocotlán International Airport,Oaxaca,Mexico,MX,16.9988,-96.7261
OBO,Tokachi-Obihiro Airport,Obihiro,Japan,JP,42.7333,143.217
OCC,Francisco De Orellana Airport,Coca,Ecuador,EC,-0.462886,-76.9868
OCE,Ocean City Municipal Airport,Ocean City,United States,US,38.3104,-75.124
OCJ,Ian Fleming International Airport,Boscobel,Jamaica,JM,18.4041,-76.9698
OCS,Corisco International Airport,Corisco Island,Equatorial Guinea,GQ,0.910937,9.33027
ODB,Córdoba Airport,Córdoba,Spain,ES,37.842,-4.84888
ODE,Odense Hans Christian Andersen Airport,Odense,Denmark,DK,55.4753,10.3272
OEC,Oecusse Route of the Sandalwood International Airport,Oecussi-Ambeno,Timor-Leste,TL,-9.19842,124.338
OER,Örnsköldsvik Airport,Örnsköldsvik,Sweden,SE,63.4083,18.99
OGD,Ogden Hinckley Airport,Ogden,United States,US,41.1959,-112.012
OGG,Kahului International Airport,Kahului,United States,US,20.8963,-156.432
OGL,Eugene F. Correia International Airport,Ogle,Guyana,GY,6.80588,-58.1077
OGN,Yonaguni Airport,Yonaguni,Japan,JP,24.4673,122.98
OGS,Ogdensburg International Airport,Ogdensburg,United States,US,44.6819,-75.4655
OGU,Ordu–Giresun Airport,Ordu,Turkey,TR,40.9669,38.086
OGX,Ain Beida Airport,Ouargla,Algeria,DZ,31.9172,5.41278
OGZ,Vladikavkaz Beslan International Airport,Beslan,Russia,RU,43.2051,44.6066
OHD,Ohrid St. Paul the Apostle Airport,Ohrid,North Macedonia,MK,41.18,20.7423
OHE,Mohe Gulian Airport,Mohe,China,CN,52.9169,122.423
OHO,Okhotsk Airport,Okhotsk,Russia,RU,59.4101,143.057
OHS,Suhar International Airport,Suhar,Oman,OM,24.386,56.6254
OIM,Oshima Airport,Izu Oshima,Japan,JP,34.782,139.36
OIR,Okushiri Airport,Okushiri Island,Japan,JP,42.0717,139.433
OIT,Oita Airport,Oita,Japan,JP,33.4794,131.737
OKA,Naha International Airport,Naha,Japan,JP,26.1924,127.64
OKC,OKC Will Rogers World Airport,Oklahoma City,United States,US,35.3934,-97.5982
OKD,Sapporo Okadama Airport,Sapporo,Japan,JP,43.1174,141.381
OKE,Okinoerabu Airport,Wadomari,Japan,JP,27.4316,128.706
OKI,Oki Global Geopark Airport,Okinoshima,Japan,JP,36.1784,133.324
OKJ,Okayama Momotaro Airport,Okayama,Japan,JP,34.7569,133.855
OKL,Oksibil Airport,Oksibil,Indonesia,ID,-4.9071,140.628
OKY,Oakey Army Aviation Centre,Oakey Army Aviation Centre,Australia,AU,-27.4093,151.737
OLA,Ørland Airport,Ørland,Norway,NO,63.6989,9.604
OLB,Olbia Costa Smeralda Airport,Olbia (SS),Italy,IT,40.899,9.51846
OLF,L M Clayton Airport,Wolf Point,United States,US,48.0945,-105.575
OLM,Olympia Regional Airport,Olympia,United States,US,46.9694,-122.903
OLZ,Olyokminsk Airport,Olyokminsk,Russia,RU,60.4018,120.476
OMA,Eppley Airfield,Omaha,United States,US,41.3032,-95.8941
OMD,Oranjemund Airport,Oranjemund,Namibia,NA,-28.5853,16.4464
OME,Nome Airport,Nome,United States,US,64.5122,-165.445
OMH,Urmia Airport,Urmia,Iran,IR,37.6681,45.0687
OMN,Zomin Airport,Zomin,Uzbekistan,UZ,40.014,68.411
OMO,Mostar International Airport,Mostar,Bosnia and Herzegovina,BA,43.2825,17.8461
OMR,Oradea International Airport,Oradea,Romania,RO,47.0253,21.9025
OMS,Omsk Central Airport,Omsk,Russia,RU,54.9631,73.3124
OND,Ondangwa Airport,Ondangwa,Namibia,NA,-17.8782,15.9526
ONJ,Odate Noshiro Airport,Kitaakita,Japan,JP,40.1919,140.371
ONQ,Zonguldak Çaycuma Airport,Zonguldak,Turkey,TR,41.5064,32.0886
ONT,Ontario International Airport,Ontario,United States,US,34.056,-117.601
ONX,Enrique Adolfo Jimenez Airport,Colón,Panama,PA,9.35664,-79.8674
OOL,Gold Coast Airport,Gold Coast,Australia,AU,-28.166,153.507
OOM,Cooma Snowy Mountains Airport,Cooma,Australia,AU,-36.3004,148.972
OPF,Miami-Opa Locka Executive Airport,Miami,United States,US,25.907,-80.2784
OPO,Francisco de Sá Carneiro Airport,Porto,Portugal,PT,41.2481,-8.68139
OPU,Balimo Airport,Balimo,Papua New Guinea,PG,-8.05,142.933
ORB,Örebro Airport,Örebro,Sweden,SE,59.2237,15.038
ORD,Chicago O'Hare International Airport,Chicago,United States,US,41.9786,-87.9048
ORF,Norfolk International Airport,Norfolk,United States,US,36.8953,-76.201
ORH,Worcester Regional Airport,Worcester,United States,US,42.2673,-71.8757
ORK,Cork International Airport,Cork,Ireland,IE,51.8413,-8.49111
ORN,Oran Es-Sénia (Ahmed Ben Bella) International Airport,Es-Sénia,Algeria,DZ,35.6206,-0.622486
ORT,Northway Airport,Northway,United States,US,62.9613,-141.929
ORU,Juan Mendoza International Airport,Oruro,Bolivia,BO,-17.9562,-67.0758
ORY,Paris-Orly Airport,"Paris (Orly, Val-de-Marne)",France,FR,48.7295,2.35896
OSD,Åre Östersund Airport,Östersund,Sweden,SE,63.1935,14.5042
OSI,Osijek Airport,Osijek(Klisa),Croatia,HR,45.4624,18.8113
OSL,Oslo-Gardermoen International Airport,Oslo (Gardermoen),Norway,NO,60.1939,11.1004
OSR,Leoš Janáček Airport Ostrava,Mošnov,Czech Republic,CZ,49.6963,18.1111
OSS,Osh International Airport,Osh,Kyrgyzstan,KG,40.609,72.7933
OST,Ostend-Bruges International Airport,Oostende,Belgium,BE,51.1998,2.87467
OSW,Orsk Airport,Orsk,Russia,RU,51.0725,58.5956
OTH,Southwest Oregon Regional Airport,North Bend,United States,US,43.4171,-124.246
OTP,Bucharest Henri Coandă International Airport,Otopeni,Romania,RO,44.5718,26.1033
OTZ,Ralph Wien Memorial Airport,Kotzebue,United States,US,66.8847,-162.599
OUA,Ouagadougou Thomas Sankara International Airport,Ouagadougou,Burkina Faso,BF,12.3532,-1.51242
OUD,Oujda Angads Airport,Ahl Angad,Morocco,MA,34.7896,-1.92604
OUL,Oulu Airport,Oulu / Oulunsalo,Finland,FI,64.9301,25.3546
OUZ,Tazadit Airport,Zouérate,Mauritania,MR,22.7573,-12.4822
OVB,Novosibirsk Tolmachevo Airport,Novosibirsk,Russia,RU,55.0198,82.6187
OVD,Asturias Airport,Ranón,Spain,ES,43.5636,-6.03462
OVS,Sovetskiy Airport,Sovetskiy,Russia,RU,61.3266,63.6019
OWB,Owensboro Daviess County Airport,Owensboro,United States,US,37.7401,-87.1668
OXB,Osvaldo Vieira International Airport,Bissau,Guinea-Bissau,GW,11.8943,-15.6536
OYE,Oyem Airport,Oyem,Gabon,GA,1.54311,11.5814
OZC,Labo Airport,Ozamiz,Philippines,PH,8.17851,123.842
OZG,Zagora Airport,Zagora,Morocco,MA,30.2658,-5.86081
OZZ,Ouarzazate International Airport,Ouarzazate,Morocco,MA,30.9391,-6.90943
PAB,Bilaspur Airport,Bilaspur,India,IN,21.9884,82.111
PAC,Marcos A. Gelabert International Airport,Albrook,Panama,PA,8.97334,-79.5556
PAD,Paderborn Lippstadt Airport,Büren,Germany,DE,51.6125,8.61746
PAE,Seattle Paine Field International Airport,Everett,United States,US,47.9063,-122.282
PAG,Pagadian Airport,Pagadian,Philippines,PH,7.82563,123.46
PAH,Barkley Regional Airport,Paducah,United States,US,37.0608,-88.7738
PAP,Toussaint Louverture International Airport,Port-au-Prince,Haiti,HT,18.58,-72.2926
PAT,Jay Prakash Narayan Airport,Patna,India,IN,25.5913,85.088
PAV,Paulo Afonso Airport,Paulo Afonso,Brazil,BR,-9.40088,-38.2506
PAZ,El Tajín National Airport,Poza Rica,Mexico,MX,20.6027,-97.4608
PBC,Hermanos Serdán International Airport,Puebla,Mexico,MX,19.1585,-98.3716
PBD,Porbandar Airport,Porbandar,India,IN,21.6495,69.6564
PBG,Plattsburgh International Airport,Plattsburgh,United States,US,44.6509,-73.4681
PBH,Paro International Airport,Paro,Bhutan,BT,27.4032,89.4246
PBI,President Donald J. Trump International Airport,West Palm Beach,United States,US,26.6832,-80.0956
PBM,Johan Adolf Pengel International Airport,Paramaribo,Suriname,SR,5.45283,-55.1878
PBO,Paraburdoo Airport,Paraburdoo,Australia,AU,-23.1711,117.745
PBR,Puerto Barrios Airport,Puerto Barrios,Guatemala,GT,15.7309,-88.5838
PBU,Putao Airport,Putao,Myanmar,MM,27.3299,97.4263
PCL,Cap FAP David Abenzur Rengifo International Airport,Pucallpa,Peru,PE,-8.37806,-74.5745
PCP,Principe Airport,São Tomé & Príncipe,São Tomé and Principe,ST,1.66115,7.41108
PCR,German Olano Airport,Puerto Carreño,Colombia,CO,6.18472,-67.4932
PDA,Obando Cesar Gaviria Trujillo Airport,Puerto Inírida,Colombia,CO,3.85353,-67.9062
PDG,Minangkabau International Airport,Padang (Katapiang),Indonesia,ID,-0.785964,100.28
PDK,DeKalb Peachtree Airport,Atlanta,United States,US,33.8763,-84.3021
PDL,João Paulo II Airport,Ponta Delgada,Portugal,PT,37.7412,-25.6979
PDO,Pendopo Airport,Talang Gudang-Sumatra Island,Indonesia,ID,-3.28607,103.88
PDP,Capitan Corbeta CA Curbelo International Airport,Punta del Este,Uruguay,UY,-34.8551,-55.0943
PDS,Piedras Negras International Airport,Piedras Negras,Mexico,MX,28.6279,-100.535
PDT,Eastern Oregon Regional Airport at Pendleton,Pendleton,United States,US,45.6951,-118.841
PDV,Plovdiv International Airport,Plovdiv,Bulgaria,BG,42.0678,24.8508
PDX,Portland International Airport,Portland,United States,US,45.5887,-122.598
PED,Pardubice Airport,Pardubice,Czech Republic,CZ,50.015,15.7398
PEE,Perm International Airport,Perm,Russia,RU,57.9145,56.0212
PEG,Perugia San Francesco d'Assisi – Umbria International Airport,Perugia (PG),Italy,IT,43.0959,12.5132
PEI,Matecaña International Airport,Pereira,Colombia,CO,4.81267,-75.7395
PEK,Beijing Capital International Airport,Beijing,China,CN,40.0773,116.597
PEM,Padre Aldamiz International Airport,Puerto Maldonado,Peru,PE,-12.6136,-69.2286
PEN,Penang International Airport,Penang,Malaysia,MY,5.2963,100.276
PER,Perth International Airport,Perth,Australia,AU,-31.9403,115.967
PES,Petrozavodsk Airport,Petrozavodsk,Russia,RU,61.8852,34.1547
PET,João Simões Lopes Neto International Airport,Pelotas,Brazil,BR,-31.7172,-52.3278
PEV,Pécs-Pogány International Airport,Pécs,Hungary,HU,45.9889,18.242
PEW,Bacha Khan International Airport,Peshawar,Pakistan,PK,33.9939,71.5146
PEX,Pechora Airport,Pechora,Russia,RU,65.1211,57.1308
PEZ,Penza Airport,Penza,Russia,RU,53.1106,45.0211
PFB,Lauro Kurtz Airport,Passo Fundo,Brazil,BR,-28.244,-52.3278
PFO,Paphos International Airport,Paphos,Cyprus,CY,34.718,32.4857
PGA,Page Municipal Airport,Page,United States,US,36.9242,-111.448
PGD,Punta Gorda Airport,Punta Gorda,United States,US,26.9202,-81.9905
PGF,Perpignan-Rivesaltes (Llabanère) Airport,Perpignan/Rivesaltes,France,FR,42.7404,2.87067
PGH,Pantnagar Airport,Pantnagar,India,IN,29.0334,79.4737
PGK,Depati Amir Airport,Pangkal Pinang,Indonesia,ID,-2.1622,106.139
PGU,Persian Gulf International Airport,Khiyaroo,Iran,IR,27.3796,52.7377
PGV,Pitt-Greenville Airport,Greenville,United States,US,35.6355,-77.3843
PGZ,Ponta Grossa Airport - Comandante Antonio Amilton Beraldo,Ponta Grossa,Brazil,BR,-25.1845,-50.1438
PHB,Parnaíba - Prefeito Doutor João Silva Filho International Airport,Parnaíba,Brazil,BR,-2.89375,-41.732
PHC,Port Harcourt International Airport,Port Harcourt,Nigeria,NG,5.01549,6.94959
PHE,Port Hedland International Airport,Port Hedland,Australia,AU,-20.3828,118.63
PHF,Newport News Williamsburg International Airport,Newport News,United States,US,37.1319,-76.493
PHG,Port Harcourt City Airport / Port Harcourt Air Force Base,Port Harcourt,Nigeria,NG,4.84611,7.02139
PHH,Pokhara International Airport,Pokhara,Nepal,NP,28.1838,84.0147
PHL,Philadelphia International Airport,Philadelphia,United States,US,39.8719,-75.2411
PHS,Phitsanulok Airport,Phitsanulok,Thailand,TH,16.7829,100.279
PHW,Hendrik Van Eck Airport,Phalaborwa,South Africa,ZA,-23.9372,31.1554
PHX,Phoenix Sky Harbor International Airport,Phoenix,United States,US,33.4353,-112.006
PHY,Phetchabun Airport,Phetchabun Airport,Thailand,TH,16.676,101.195
PIA,General Wayne A. Downing Peoria International Airport,Peoria,United States,US,40.6638,-89.6926
PIB,Hattiesburg Laurel Regional Airport,Moselle,United States,US,31.4671,-89.3371
PIE,St. Petersburg Clearwater International Airport,Pinellas Park,United States,US,27.9102,-82.6874
PIH,Pocatello Regional Airport,Pocatello,United States,US,42.9098,-112.596
PIK,Glasgow Prestwick Airport,"Prestwick, South Ayrshire",United Kingdom,GB,55.5015,-4.57718
PIR,Pierre Regional Airport,Pierre,United States,US,44.3827,-100.286
PIS,Poitiers-Biard Airport,Poitiers/Biard,France,FR,46.5877,0.306666
PIT,Pittsburgh International Airport,Pittsburgh,United States,US,40.4915,-80.2329
PIU,PAF Captain Guillermo Concha Iberico International Airport,Piura,Peru,PE,-5.20575,-80.6164
PIX,Pico Airport,Pico Island,Portugal,PT,38.5543,-28.4413
PIZ,Point Lay LRRS Airport,Point Lay,United States,US,69.7329,-163.005
PJM,Puerto Jimenez Airport,Puerto Jimenez,Costa Rica,CR,8.53333,-83.3
PKB,Mid Ohio Valley Regional Airport,Parkersburg (Williamstown),United States,US,39.3451,-81.4392
PKC,Yelizovo Airport,Petropavlovsk-Kamchatsky,Russia,RU,53.1687,158.451
PKE,Parkes Airport,Parkes,Australia,AU,-33.1314,148.239
PKR,Pokhara Domestic Airport,Pokhara,Nepal,NP,28.2006,83.9812
PKU,Sultan Syarif Kasim II International Airport / Roesmin Nurjadin AFB,Pekanbaru,Indonesia,ID,0.458647,101.444
PKV,Princess Olga Pskov International Airport,Pskov,Russia,RU,57.7813,28.3938
PKX,Beijing Daxing International Airport,Beijing,China,CN,39.5013,116.414
PKY,Tjilik Riwut Airport,Palangkaraya,Indonesia,ID,-2.22715,113.943
PKZ,Pakse International Airport,Pakse,Laos,LA,15.134,105.78
PLJ,Placencia Airport,Placencia,Belize,BZ,16.537,-88.3615
PLM,Sultan Mahmud Badaruddin II Airport,Palembang,Indonesia,ID,-2.89765,104.698
PLN,Pellston Regional Airport of Emmet County Airport,Pellston,United States,US,45.5709,-84.7967
PLO,Port Lincoln Airport,Port Lincoln,Australia,AU,-34.6053,135.88
PLQ,Palanga International Airport,Palanga,Lithuania,LT,55.9732,21.0939
PLS,Providenciales International Airport,Providenciales,Turks and Caicos Islands,TC,21.7737,-72.2683
PLW,Mutiara - SIS Al-Jufrie Airport,Palu,Indonesia,ID,-0.916462,119.909
PLX,Semei International Airport,Semey,Kazakhstan,KZ,50.3513,80.2344
PLZ,Chief Dawid Stuurman International Airport,Gqeberha (Port Elizabeth),South Africa,ZA,-33.9897,25.6174
PMC,El Tepual International Airport,Puerto Montt,Chile,CL,-41.4431,-73.0941
PMF,Parma Airport,Parma (PR),Italy,IT,44.8264,10.2971
PMG,Ponta Porã Airport,Ponta Porã,Brazil,BR,-22.5496,-55.7026
PMI,Palma de Mallorca Airport,Palma de Mallorca,Spain,ES,39.5517,2.73881
PMO,Falcone–Borsellino Airport,Palermo,Italy,IT,38.176,13.091
PMQ,Perito Moreno Jalil Hamer Airport,Perito Moreno,Argentina,AR,-46.5379,-70.9787
PMR,Palmerston North Airport,Palmerston North,New Zealand,NZ,-40.3206,175.617
PMV,Del Caribe Santiago Mariño International Airport,Isla Margarita,Venezuela,VE,10.9126,-63.9666
PMW,Brigadeiro Lysias Rodrigues Airport,Palmas,Brazil,BR,-10.2915,-48.357
PMY,El Tehuelche Airport,Puerto Madryn,Argentina,AR,-42.7592,-65.1027
PNA,Pamplona Airport,Pamplona,Spain,ES,42.77,-1.64633
PNI,Pohnpei International Airport,Pohnpei Island,Micronesia,FM,6.98508,158.21
PNK,Supadio International Airport,Pontianak,Indonesia,ID,-0.152258,109.404
PNL,Pantelleria Airport,Pantelleria (TP),Italy,IT,36.8165,11.9689
PNP,Girua Airport,Popondetta,Papua New Guinea,PG,-8.80454,148.309
PNQ,Pune International Airport,Pune,India,IN,18.5821,73.9197
PNR,Antonio Agostinho-Neto International Airport,Pointe Noire,Republic of the Congo,CG,-4.81603,11.8866
PNS,Pensacola International Airport,Pensacola,United States,US,30.4727,-87.1866
PNT,Lieutenant Julio Gallardo Airport,Puerto Natales,Chile,CL,-51.6707,-72.5291
PNY,Pondicherry Airport,Puducherry (Pondicherry),India,IN,11.968,79.812
PNZ,Senador Nilo Coelho Airport,Petrolina,Brazil,BR,-9.36242,-40.5691
POA,Porto Alegre-Salgado Filho International Airport,Porto Alegre,Brazil,BR,-29.994,-51.1675
POG,Port Gentil International Airport,Port Gentil,Gabon,GA,-0.711739,8.75438
POL,Pemba Airport,Pemba,Mozambique,MZ,-12.9933,40.5249
POM,Port Moresby Jacksons International Airport,Port Moresby,Papua New Guinea,PG,-9.44338,147.22
POP,Gregorio Luperon International Airport,Puerto Plata,Dominican Republic,DO,19.7579,-70.57
POR,Pori Airport,Pori,Finland,FI,61.4617,21.8
POS,Piarco International Airport,Port of Spain,Trinidad and Tobago,TT,10.5953,-61.3376
POZ,Poznań-Ławica Airport,Poznań,Poland,PL,52.4216,16.8234
PPB,Presidente Prudente Airport,Presidente Prudente,Brazil,BR,-22.1751,-51.4246
PPG,Pago Pago International Airport,Pago Pago,American Samoa,AS,-14.331,-170.71
PPK,Petropavl International Airport,Petropavl,Kazakhstan,KZ,54.7756,69.1874
PPN,Guillermo León Valencia Airport,Popayán,Colombia,CO,2.45436,-76.6093
PPP,Proserpine Whitsunday Coast Airport,Proserpine,Australia,AU,-20.4944,148.554
PPS,Puerto Princesa International Airport / PAF Antonio Bautista Air Base,Puerto Princesa,Philippines,PH,9.74204,118.759
PPT,Fa'a'ā International Airport,Papeete,French Polynesia,PF,-17.5535,-149.607
PQC,Phú Quốc International Airport,Phu Quoc Island,Vietnam,VN,10.1698,103.994
PQI,Presque Isle International Airport,Presque Isle,United States,US,46.689,-68.0448
PQQ,Port Macquarie Airport,Port Macquarie,Australia,AU,-31.4358,152.863
PRA,General Urquiza Airport,Parana,Argentina,AR,-31.7948,-60.4804
PRC,Prescott Regional Airport - Ernest A. Love Field,Prescott,United States,US,34.6535,-112.42
PRG,Václav Havel Airport Prague,Prague,Czech Republic,CZ,50.1009,14.2599
PRI,Praslin Island Airport,Praslin Island,Seychelles,SC,-4.31926,55.6916
PRM,Portimão Airport,Portimão,Portugal,PT,37.1493,-8.58396
PRN,Priština Adem Jashari International Airport,Prishtina,Kosovo,XK,42.5728,21.0358
PSA,Pisa International Airport,Pisa (PI),Italy,IT,43.6839,10.3927
PSC,Tri Cities Airport,Pasco,United States,US,46.2647,-119.119
PSD,Port Said International Airport,Port Said,Egypt,EG,31.2793,32.2406
PSE,Mercedita International Airport,Ponce,Puerto Rico,PR,18.0083,-66.563
PSG,Petersburg James A Johnson Airport,Petersburg,United States,US,56.8017,-132.945
PSM,Portsmouth International Airport at Pease,Portsmouth,United States,US,43.0779,-70.8233
PSO,Antonio Nariño Airport,Chachagüí,Colombia,CO,1.39672,-77.2909
PSP,Palm Springs International Airport,Palm Springs,United States,US,33.8297,-116.507
PSR,Abruzzo Airport,Pescara,Italy,IT,42.4311,14.183
PSS,Libertador Gral D Jose De San Martin Airport,Posadas,Argentina,AR,-27.3858,-55.9707
PSU,Pangsuma Airport,Putussibau-Borneo Island,Indonesia,ID,0.834579,112.94
PSZ,Capitán Av. Salvador Ogaya G. airport,Puerto Suárez,Bolivia,BO,-18.9753,-57.8206
PTG,Polokwane International Airport,Polokwane,South Africa,ZA,-23.8453,29.4586
PTH,Port Heiden Airport,Port Heiden,United States,US,56.9579,-158.63
PTJ,Portland Airport,Portland Airport,Australia,AU,-38.3181,141.471
PTP,Maryse Condé International Airport,Pointe-à-Pitre,Guadeloupe,GP,16.2654,-61.5328
PTU,Platinum Airport,Platinum,United States,US,59.0177,-161.828
PTY,Tocumen International Airport,Tocumen,Panama,PA,9.07136,-79.3835
PUB,Pueblo Memorial Airport,Pueblo,United States,US,38.2891,-104.497
PUD,Puerto Deseado Airport,Puerto Deseado,Argentina,AR,-47.7353,-65.9041
PUF,Pau Pyrénées Airport,Pau/Pyrénées (Uzein),France,FR,43.38,-0.418611
PUG,Port Augusta Airport,Port Augusta Airport,Australia,AU,-32.5069,137.717
PUJ,Punta Cana International Airport,Punta Cana,Dominican Republic,DO,18.5671,-68.3646
PUQ,President Carlos Ibáñez International Airport,Punta Arenas,Chile,CL,-53.0026,-70.8546
PUS,Gimhae International Airport,Busan,South Korea,KR,35.1795,128.938
PUU,Tres De Mayo Airport,Puerto Asís,Colombia,CO,0.505228,-76.5008
PUW,Pullman-Moscow Regional Airport,Pullman,United States,US,46.7416,-117.112
PUY,Pula Airport,Pula,Croatia,HR,44.8935,13.9222
PUZ,Puerto Cabezas Airport,Puerto Cabezas,Nicaragua,NI,14.0472,-83.3867
PVA,El Embrujo Airport,Providencia,Colombia,CO,13.3575,-81.358
PVD,Rhode Island T. F. Green International Airport,Providence/Warwick,United States,US,41.725,-71.4257
PVG,Shanghai Pudong International Airport,Shanghai (Pudong),China,CN,31.1434,121.805
PVH,Governador Jorge Teixeira de Oliveira International Airport,Porto Velho,Brazil,BR,-8.70849,-63.9023
PVK,Aktion National Airport,Preveza,Greece,GR,38.9255,20.7653
PVR,Puerto Vallarta International Airport,Puerto Vallarta,Mexico,MX,20.6799,-105.254
PVU,Provo Municipal Airport,Provo,United States,US,40.2189,-111.722
PWE,Pevek Airport,Apapelgino,Russia,RU,69.7833,170.597
PWM,Portland International Jetport,Portland,United States,US,43.6462,-70.3093
PWQ,Pavlodar International Airport,Pavlodar,Kazakhstan,KZ,52.195,77.0731
PXM,Puerto Escondido International Airport,Puerto Escondido,Mexico,MX,15.8768,-97.0891
PXO,Porto Santo Airport,Vila Baleira,Portugal,PT,33.0734,-16.35
PXR,Surin Airport,Surin,Thailand,TH,14.8683,103.498
PXU,Pleiku Airport,Pleiku,Vietnam,VN,14.0045,108.017
PYJ,Polyarny Airport,Yakutia,Russia,RU,66.4004,112.03
PYK,Payam International Airport,Karaj,Iran,IR,35.7761,50.8267
PZB,Pietermaritzburg Airport,Pietermaritzburg,South Africa,ZA,-29.649,30.3987
PZH,Zhob Airport,Fort Sandeman,Pakistan,PK,31.3584,69.4636
PZI,Panzhihua Bao'anying Airport,Panzhihua (Renhe),China,CN,26.54,101.799
PZO,General Manuel Carlos Piar International Airport,Guyana City,Venezuela,VE,8.28853,-62.7604
PZU,Port Sudan New International Airport,Port Sudan,Sudan,SD,19.4346,37.2341
QBC,Bella Coola Airport,Bella Coola,Canada,CA,52.3875,-126.596
QOW,Sam Mbakwe International Cargo Airport,Owerri,Nigeria,NG,5.42706,7.20603
QRO,Querétaro Intercontinental Airport,Querétaro,Mexico,MX,20.6188,-100.186
QRW,Warri Airport,Okpe,Nigeria,NG,5.59821,5.8187
QSF,Ain Arnat Airport,Sétif,Algeria,DZ,36.1785,5.32991
QSR,Salerno Costa d'Amalfi Airport,Salerno,Italy,IT,40.6204,14.9113
QSZ,Shache Airport,Shache,China,CN,38.2454,77.0561
QUO,Akwa Ibom International Airport,Uyo,Nigeria,NG,4.8725,8.093
RAB,Tokua Airport,Kokopo,Papua New Guinea,PG,-4.34046,152.38
RAE,Arar Domestic Airport,Arar,Saudi Arabia,SA,30.9066,41.1382
RAH,Rafha Domestic Airport,Rafha,Saudi Arabia,SA,29.6264,43.4906
RAI,Nelson Mandela International Airport,Praia,Cape Verde,CV,14.9411,-23.4847
RAK,Marrakesh Menara Airport,Marrakesh,Morocco,MA,31.6048,-8.03579
RAO,Leite Lopes Airport,Ribeirão Preto,Brazil,BR,-21.1343,-47.7741
RAP,Rapid City Regional Airport,Rapid City,United States,US,44.0453,-103.057
RAR,Rarotonga International Airport,Avarua,Cook Islands,CK,-21.2027,-159.806
RAS,Sardar-e-Jangal Airport,Rasht,Iran,IR,37.3233,49.6178
RBA,Rabat-Salé Airport,Rabat,Morocco,MA,34.0515,-6.75152
RBR,Rio Branco-Plácido de Castro International Airport,Rio Branco,Brazil,BR,-9.86903,-67.894
RBY,Ruby Airport,Ruby,United States,US,64.7272,-155.47
RCB,Richards Bay Airport,Richards Bay,South Africa,ZA,-28.741,32.0921
RCH,Almirante Padilla Airport,Riohacha,Colombia,CO,11.5262,-72.926
RDD,Redding Municipal Airport,Redding,United States,US,40.509,-122.293
RDM,Roberts Field,Redmond,United States,US,44.2541,-121.15
RDO,Warsaw Radom Airport,Radom,Poland,PL,51.3894,21.2147
RDP,Kazi Nazrul Islam Airport,Durgapur,India,IN,23.6225,87.243
RDU,Raleigh-Durham International Airport,Raleigh/Durham,United States,US,35.8787,-78.7873
RDZ,Rodez–Aveyron Airport,Rodez/Marcillac,France,FR,44.4079,2.48267
REC,Recife/Guararapes - Gilberto Freyre International Airport,Recife,Brazil,BR,-8.12747,-34.923
REG,Reggio Calabria Airport,Reggio Calabria,Italy,IT,38.0712,15.6516
REL,Almirante Marco Andres Zar Airport,Rawson,Argentina,AR,-43.2105,-65.2703
REN,Orenburg Central Airport,Orenburg,Russia,RU,51.7927,55.4572
RER,Retalhuleu Airport,Retalhuleu,Guatemala,GT,14.5214,-91.697
RES,Resistencia International Airport,Resistencia,Argentina,AR,-27.4499,-59.0561
REU,Reus Airport,Reus,Spain,ES,41.1475,1.16835
REW,"Rewa Airport, Chorhata, REWA",Rewa,India,IN,24.5034,81.2203
REX,General Lucio Blanco International Airport,Reynosa,Mexico,MX,26.0089,-98.2285
RFD,Chicago Rockford International Airport,Chicago/Rockford,United States,US,42.1954,-89.0972
RFP,Raiatea Airport,Uturoa,French Polynesia,PF,-16.7229,-151.466
RGA,Gobernador Ramón Trejo Noel International Airport,Rio Grande,Argentina,AR,-53.7777,-67.7494
RGI,Rangiroa Airport,Rangiroa Airport,French Polynesia,PF,-14.9543,-147.661
RGL,Piloto Civil Norberto Fernández International Airport,Rio Gallegos,Argentina,AR,-51.6088,-69.3089
RGN,Yangon International Airport,Yangon,Myanmar,MM,16.9073,96.1332
RGO,Orang (Chongjin) Airport,Hoemun-ri,North Korea,KP,41.4285,129.648
RHD,Termas de Río Hondo international Airport,Termas de Río Hondo,Argentina,AR,-27.4966,-64.936
RHI,Rhinelander Oneida County Airport,Rhinelander,United States,US,45.6312,-89.4675
RHO,"Rhodes International Airport ""Diagoras""",Rhodes,Greece,GR,36.4054,28.0862
RIA,Santa Maria Airport,Santa Maria,Brazil,BR,-29.7114,-53.6882
RIB,Capitán Av. Selin Zeitun Lopez Airport,Riberalta,Bolivia,BO,-11.0094,-66.0755
RIC,Richmond International Airport,Richmond,United States,US,37.5052,-77.3197
RIS,Rishiri Airport,Rishiri,Japan,JP,45.242,141.186
RIW,Central Wyoming Regional Airport,Riverton,United States,US,43.0642,-108.46
RIX,Riga International Airport,Riga,Latvia,LV,56.9208,23.9707
RIY,Riyan International Airport,Mukalla(Riyan),Yemen,YE,14.6622,49.3753
RIZ,Rizhao Shanzihe Airport,Rizhao (Donggang),China,CN,35.405,119.324
RJA,Rajahmundry Airport,Madhurapudi,India,IN,17.1058,81.8132
RJH,Shah Makhdum Airport,Rajshahi,Bangladesh,BD,24.4372,88.6165
RJK,Rijeka Airport,Rijeka(Omišalj),Croatia,HR,45.2164,14.5709
RJN,Rafsanjan Airport,Rafsanjan,Iran,IR,30.2983,56.049
RKD,Knox County Regional Airport,Rockland,United States,US,44.0601,-69.0992
RKE,Copenhagen Roskilde Airport,Roskilde,Denmark,DK,55.5856,12.1314
RKS,Southwest Wyoming Regional Airport,Rock Springs,United States,US,41.5942,-109.065
RKT,Ras Al Khaimah International Airport,Ras Al Khaimah,United Arab Emirates,AE,25.6135,55.9388
RKV,Reykjavík Domestic Airport,Reykjavík,Iceland,IS,64.1287,-21.9376
RKZ,Xigaze Peace Airport / Shigatse Air Base,Xigazê (Samzhubzê),China,CN,29.3509,89.2992
RLG,Rostock-Laage Airport,Laage,Germany,DE,53.9182,12.2783
RLK,Bayannur Tianjitai Airport,Bayannur,China,CN,40.9264,107.741
RMA,Roma Airport,Roma,Australia,AU,-26.545,148.775
RMF,Marsa Alam International Airport,Marsa Alam,Egypt,EG,25.5555,34.5924
RMI,Federico Fellini International Airport,Rimini (RN),Italy,IT,44.02,12.6122
RML,Colombo Ratmalana International Airport,Colombo,Sri Lanka,LK,6.82164,79.8859
RMO,Chişinău International Airport,Chişinău,Moldova,MD,46.9277,28.9317
RMQ,Taichung International Airport / Ching Chuang Kang Air Base,Taichung (Qingshui),Taiwan,TW,24.2647,120.621
RMU,Region of Murcia International Airport,Corvera,Spain,ES,37.8029,-1.12488
RMZ,Tobolsk Remezov Airport,Tobolsk,Russia,RU,58.0597,68.348
RNB,Ronneby Airport,Ronneby,Sweden,SE,56.2667,15.265
RNJ,Yoron Airport,Yoron,Japan,JP,27.0438,128.402
RNN,Bornholm Airport,Rønne,Denmark,DK,55.0633,14.7596
RNO,Reno Tahoe International Airport,Reno,United States,US,39.4991,-119.768
RNS,Rennes-Saint-Jacques Airport,"Saint-Jacques-de-la-Lande, Ille-et-Vilaine",France,FR,48.0695,-1.73479
ROA,Roanoke–Blacksburg Regional Airport,Roanoke,United States,US,37.3255,-79.9754
ROB,Roberts International Airport,Monrovia,Liberia,LR,6.23379,-10.3623
ROC,Frederick Douglass Greater Rochester International Airport,Rochester,United States,US,43.1189,-77.6724
ROI,Roi Et Airport,Roi Et,Thailand,TH,16.1168,103.774
ROK,Rockhampton Airport,Rockhampton,Australia,AU,-23.38,150.475
ROO,Maestro Marinho Franco Airport,Rondonópolis,Brazil,BR,-16.5843,-54.7248
ROP,Rota International Airport,Rota Island,Northern Mariana Islands,MP,14.1733,145.241
ROR,Roman Tmetuchl International Airport,Babelthuap Island,Palau,PW,7.36697,134.544
ROS,Rosario Islas Malvinas International Airport,Rosario,Argentina,AR,-32.9036,-60.785
ROT,Rotorua Regional Airport,Rotorua,New Zealand,NZ,-38.1092,176.317
ROV,Platov International Airport,Rostov-on-Don,Russia,RU,47.4939,39.9247
ROW,Roswell Air Center Airport,Roswell,United States,US,33.3016,-104.531
RPR,Swami Vivekananda Airport,Raipur,India,IN,21.1804,81.7388
RQA,Ruoqiang Loulan Airport,Ruoqiang Town,China,CN,38.9747,88.0083
RRG,Sir Charles Gaetan Duval Airport,Port Mathurin,Mauritius,MU,-19.7567,63.3593
RRJ,Jacarepaguá - Roberto Marinho Airport,Rio de Janeiro,Brazil,BR,-22.9868,-43.3722
RRS,Røros Airport,Røros,Norway,NO,62.5784,11.3423
RSA,Santa Rosa Airport,Santa Rosa,Argentina,AR,-36.5883,-64.2757
RSD,Rock Sound International Airport,Rock Sound,Bahamas,BS,24.8916,-76.1776
RSI,Red Sea International Airport,Hanak,Saudi Arabia,SA,25.628,37.0889
RST,Rochester International Airport,Rochester,United States,US,43.9083,-92.5
RSU,Yeosu Airport,Yeosu,South Korea,KR,34.8423,127.617
RSW,Southwest Florida International Airport,Fort Myers,United States,US,26.5347,-81.7528
RTB,Juan Manuel Gálvez International Airport,Coxen Hole,Honduras,HN,16.3168,-86.523
RTM,Rotterdam The Hague Airport,Rotterdam,Netherlands,NL,51.9569,4.43722
RUA,Arua Airport,Arua,Uganda,UG,3.04915,30.9117
RUH,King Khalid International Airport,Riyadh,Saudi Arabia,SA,24.9576,46.6988
RUN,Roland Garros Airport,Sainte-Marie,Réunion,RE,-20.8901,55.5189
RUR,Rurutu Airport,Rurutu Airport,French Polynesia,PF,-22.4341,-151.361
RUT,Rutland - Southern Vermont Regional Airport,Rutland,United States,US,43.5294,-72.9496
RVK,"Rørvik Airport, Ryum",Rørvik,Norway,NO,64.8383,11.1461
RVN,Rovaniemi Airport,Rovaniemi,Finland,FI,66.5633,25.8298
RVY,Pres. Gral. Óscar D. Gestido Binational Airport,Rivera/Santana do Livramento,Uruguay,UY,-30.9746,-55.4762
RWN,Rivne International Airport,Rivne,Ukraine,UA,50.6071,26.1416
RXS,Roxas Airport,Roxas City,Philippines,PH,11.5977,122.752
RYK,Shaikh Zaid Airport,Rahim Yar Khan,Pakistan,PK,28.3839,70.2796
RZE,Rzeszów-Jasionka Airport,Jasionka,Poland,PL,50.1098,22.0242
RZR,Ramsar Airport,Ramsar,Iran,IR,36.907,50.6873
RZV,Rize–Artvin Airport,Rize,Turkey,TR,41.1798,40.8488
SAB,Juancho E. Yrausquin Airport,Zion's Hill,Caribbean Netherlands,BQ,17.6453,-63.2205
SAF,Santa Fe Municipal Airport,Santa Fe,United States,US,35.6171,-106.089
SAG,Shirdi International Airport,Kakadi,India,IN,19.6892,74.3737
SAH,Sanaa International Airport,Sanaa,Yemen,YE,15.4763,44.2197
SAI,Siem Reap-Angkor International Airport,Siem Reap,Cambodia,KH,13.3697,104.224
SAL,El Salvador International Airport Saint Óscar Arnulfo Romero y Galdámez,San Salvador (San Luis Talpa),El Salvador,SV,13.4445,-89.0558
SAN,San Diego International Airport,San Diego,United States,US,32.7336,-117.19
SAP,Ramón Villeda Morales International Airport,San Pedro Sula,Honduras,HN,15.4526,-87.9236
SAQ,San Andros Airport,Andros Island,Bahamas,BS,25.0538,-78.049
SAT,San Antonio International Airport,San Antonio,United States,US,29.5337,-98.4698
SAV,Savannah Hilton Head International Airport,Savannah,United States,US,32.1266,-81.2
SAW,Istanbul Sabiha Gökçen International Airport,"Pendik, Istanbul",Turkey,TR,40.8986,29.3092
SBA,Santa Barbara Municipal Airport,Santa Barbara,United States,US,34.4262,-119.84
SBD,San Bernardino International Airport,San Bernardino,United States,US,34.0967,-117.237
SBH,St. Jean Airport,Gustavia,Saint Barthélemy,BL,17.9044,-62.8433
SBN,South Bend International Airport,South Bend,United States,US,41.7083,-86.3169
SBP,San Luis County Regional Airport,San Luis Obispo,United States,US,35.2368,-120.642
SBT,Sabetta International Airport,Sabetta,Russia,RU,71.2192,72.0522
SBW,Sibu Airport,Sibu,Malaysia,MY,2.2616,111.985
SBY,Salisbury Ocean City Wicomico Regional Airport,Salisbury,United States,US,38.3405,-75.5103
SBZ,Sibiu International Airport,Sibiu,Romania,RO,45.7858,24.0867
SCC,Deadhorse Airport,Deadhorse,United States,US,70.1947,-148.465
SCE,State College Regional Airport,State College,United States,US,40.8494,-77.8485
SCK,Stockton Metropolitan Airport,Stockton,United States,US,37.8933,-121.238
SCL,Comodoro Arturo Merino Benítez International Airport,Santiago,Chile,CL,-33.393,-70.7858
SCN,Saarbrücken Airport,Saarbrücken,Germany,DE,49.2145,7.10973
SCO,Aktau International Airport,Aktau,Kazakhstan,KZ,43.8601,51.0909
SCQ,Santiago-Rosalía de Castro Airport,Santiago de Compostela,Spain,ES,42.8963,-8.41514
SCR,Scandinavian Mountains Airport,Malung-Sälen,Sweden,SE,61.1651,12.8335
SCT,Socotra Airport,Mori,Yemen,YE,12.6321,53.9062
SCU,Antonio Maceo International Airport,Santiago,Cuba,CU,19.9747,-75.8355
SCV,Suceava Ștefan cel Mare International Airport,Suceava,Romania,RO,47.6875,26.3541
SCW,Syktyvkar Airport,Syktyvkar,Russia,RU,61.647,50.8451
SDD,Lubango Mukanka International Airport,Lubango,Angola,AO,-14.9248,13.5767
SDE,Vicecomodoro Angel D. La Paz Aragonés Airport,Santiago del Estero,Argentina,AR,-27.7656,-64.31
SDF,Louisville Muhammad Ali International Airport,Louisville,United States,US,38.1706,-85.7351
SDG,Sanandaj Airport,Sanandaj Airport,Iran,IR,35.2459,47.0092
SDJ,Sendai Airport,Natori,Japan,JP,38.1397,140.917
SDK,Sandakan Airport,Sandakan,Malaysia,MY,5.9009,118.059
SDL,Sundsvall-Härnösand Airport,Sundsvall/ Härnösand,Sweden,SE,62.5281,17.4439
SDP,Sand Point Airport,Sand Point,United States,US,55.3139,-160.522
SDQ,Las Américas International Airport,Santo Domingo,Dominican Republic,DO,18.4297,-69.6689
SDR,Seve Ballesteros-Santander Airport,Santander,Spain,ES,43.4271,-3.82001
SDS,Sado Airport,Sado,Japan,JP,38.0602,138.414
SDU,Santos Dumont Airport,Rio de Janeiro,Brazil,BR,-22.9104,-43.1628
SDW,Sindhudurg Airport,Chipi,India,IN,16.0026,73.5298
SDY,Sidney - Richland Regional Airport,Sidney,United States,US,47.7051,-104.194
SEA,Seattle–Tacoma International Airport,Seattle,United States,US,47.4479,-122.31
SEB,Sabha Airport,Sabha,Libya,LY,26.9925,14.4662
SEK,Srednekolymsk Airport,Srednekolymsk,Russia,RU,67.4805,153.736
SEN,London Southend Airport,"Southend-on-Sea, Essex",United Kingdom,GB,51.5706,0.693627
SEZ,Seychelles International Airport,Victoria,Seychelles,SC,-4.67434,55.5218
SFA,Sfax Thyna International Airport,Sfax,Tunisia,TN,34.718,10.691
SFB,Orlando Sanford International Airport,Orlando,United States,US,28.7743,-81.2346
SFG,Grand Case-l'Espérance Airport,Grand Case,Saint Martin,MF,18.1001,-63.0474
SFJ,Kangerlussuaq International Airport,Kangerlussuaq,Greenland,GL,67.0104,-50.7153
SFN,Sauce Viejo Airport,Santa Fe,Argentina,AR,-31.7117,-60.8117
SFO,San Francisco International Airport,San Francisco,United States,US,37.6198,-122.375
SFS,Subic Bay International Airport / Naval Air Station Cubi Point,Olongapo,Philippines,PH,14.7948,120.272
SFT,Skellefteå Airport,Skellefteå,Sweden,SE,64.6248,21.0769
SGC,Surgut International Airport,Surgut,Russia,RU,61.3405,73.4058
SGD,Sønderborg Airport,Sønderborg,Denmark,DK,54.9644,9.79173
SGF,Springfield Branson National Airport,Springfield,United States,US,37.245,-93.3886
SGN,Tan Son Nhat International Airport,Ho Chi Minh City,Vietnam,VN,10.8188,106.652
SGU,St George Regional Airport,St George,United States,US,37.0364,-113.51
SHA,Shanghai Hongqiao International Airport,Shanghai (Minhang),China,CN,31.1981,121.334
SHB,Nakashibetsu Airport,Nakashibetsu,Japan,JP,43.5775,144.96
SHD,Shenandoah Valley Regional Airport,Weyers Cave,United States,US,38.2638,-78.8964
SHE,Shenyang Taoxian International Airport,Shenyang,China,CN,41.6398,123.484
SHI,Shimojishima Airport,Miyakojima,Japan,JP,24.8267,125.145
SHJ,Sharjah International Airport,Sharjah,United Arab Emirates,AE,25.3286,55.5172
SHL,Shillong Airport,Shillong,India,IN,25.7036,91.9787
SHM,Nanki Shirahama Airport,Shirahama,Japan,JP,33.6622,135.364
SHO,King Mswati III International Airport,Mpaka,Eswatini,SZ,-26.3586,31.7169
SHR,Sheridan County Airport,Sheridan,United States,US,44.7692,-106.98
SHS,Jingzhou Shashi Airport,Jingzhou (Shashi),China,CN,30.2928,112.449
SHV,Shreveport Regional Airport,Shreveport,United States,US,32.4447,-93.8267
SHW,Sharurah Domestic Airport,Sharurah,Saudi Arabia,SA,17.4669,47.1214
SID,Amílcar Cabral International Airport,Espargos,Cape Verde,CV,16.7414,-22.9494
SIG,Fernando Luis Ribas Dominicci Airport,San Juan,Puerto Rico,PR,18.4568,-66.0981
SIN,Singapore Changi Airport,Singapore,Singapore,SG,1.35019,103.994
SIP,Simferopol International Airport,Simferopol,Ukraine,UA,45.0522,33.9751
SIS,Sishen Airport,Sishen,South Africa,ZA,-27.6486,22.9993
SIT,Sitka Rocky Gutierrez Airport,Sitka,United States,US,57.0471,-135.362
SJC,Norman Y. Mineta San Jose International Airport,San Jose,United States,US,37.3625,-121.929
SJD,Los Cabos International Airport,San José del Cabo,Mexico,MX,23.1519,-109.721
SJE,Jorge E. Gonzalez Torres Airport,San José Del Guaviare,Colombia,CO,2.57969,-72.6394
SJI,San Jose Airport,San Jose,Philippines,PH,12.3615,121.047
SJJ,Sarajevo International Airport,Sarajevo,Bosnia and Herzegovina,BA,43.8246,18.3315
SJK,Professor Urbano Ernesto Stumpf Airport,São José Dos Campos,Brazil,BR,-23.2292,-45.8615
SJL,São Gabriel da Cachoeira Airport,São Gabriel da Cachoeira,Brazil,BR,-0.14835,-66.9855
SJO,Juan Santamaría International Airport,San José (Alajuela),Costa Rica,CR,9.99386,-84.2088
SJP,Prof. Eribelto Manoel Reino State Airport,São José do Rio Preto,Brazil,BR,-20.8171,-49.407
SJT,San Angelo Regional Mathis Field,San Angelo,United States,US,31.3577,-100.496
SJU,Luis Munoz Marin International Airport,San Juan,Puerto Rico,PR,18.4394,-66.0018
SJW,Shijiazhuang Zhengding International Airport,Shijiazhuang,China,CN,38.2807,114.697
SJZ,São Jorge Airport,Velas,Portugal,PT,38.6655,-28.1758
SKB,Robert L. Bradshaw International Airport,Basseterre,Saint Kitts and Nevis,KN,17.3108,-62.7191
SKD,Samarkand International Airport,Samarkand,Uzbekistan,UZ,39.7018,66.9815
SKG,Thessaloniki Macedonia International Airport,Thessaloniki,Greece,GR,40.5193,22.97
SKN,"Stokmarknes Airport, Skagen",Hadsel,Norway,NO,68.5788,15.0334
SKO,Sadiq Abubakar III International Airport,Sokoto,Nigeria,NG,12.9157,5.20755
SKP,Skopje International Airport,Ilinden,North Macedonia,MK,41.9581,21.6226
SKT,Sialkot International Airport,Sialkot,Pakistan,PK,32.5359,74.3646
SKX,Saransk International Airport,Saransk,Russia,RU,54.1251,45.2123
SKZ,Begum Nusrat Bhutto International Airport Sukkur,Sukkur,Pakistan,PK,27.722,68.7917
SLA,Martín Miguel de Güemes International Airport,Salta,Argentina,AR,-24.856,-65.4862
SLC,Salt Lake City International Airport,Salt Lake City,United States,US,40.7889,-111.98
SLD,Sliač Airport,Sliač,Slovakia,SK,48.6378,19.1341
SLE,Salem-Willamette Valley Airport/McNary Field,Salem,United States,US,44.9095,-123.003
SLK,Adirondack Regional Airport,Saranac Lake,United States,US,44.3869,-74.2046
SLL,Salalah International Airport,Salalah,Oman,OM,17.0387,54.0913
SLM,Salamanca Airport,Salamanca,Spain,ES,40.9521,-5.50199
SLN,Salina Municipal Airport,Salina,United States,US,38.791,-97.6522
SLP,Ponciano Arriaga International Airport,San Luis Potosí,Mexico,MX,22.262,-100.936
SLU,George F. L. Charles Airport,Castries,Saint Lucia,LC,14.0202,-60.9929
SLW,Plan de Guadalupe International Airport,Saltillo,Mexico,MX,25.5379,-100.928
SLY,Salekhard Airport,Salekhard,Russia,RU,66.5908,66.611
SLZ,Marechal Cunha Machado International Airport,São Luís,Brazil,BR,-2.58639,-44.235
SMA,Santa Maria Airport,Vila do Porto,Portugal,PT,36.9714,-25.1706
SMF,Sacramento International Airport,Sacramento,United States,US,38.6954,-121.591
SMI,Samos Airport,Samos Island,Greece,GR,37.69,26.9117
SML,Stella Maris Airport,Stella Maris,Bahamas,BS,23.5823,-75.2686
SMN,Lemhi County Airport,Salmon,United States,US,45.1222,-113.882
SMR,Simón Bolívar International Airport,Santa Marta,Colombia,CO,11.1196,-74.2306
SMS,Sainte Marie Airport,Vohilava,Madagascar,MG,-17.0939,49.8158
SMW,Smara Airport,Smara,Western Sahara (disputed territory),EH,26.732,-11.6837
SMX,Santa Maria Public Airport Captain G Allan Hancock Field,Santa Maria,United States,US,34.8989,-120.457
SNA,John Wayne Orange County International Airport,Santa Ana,United States,US,33.6751,-117.869
SNB,Snake Bay Airport,Milikapiti,Australia,AU,-11.4177,130.648
SNC,General Ulpiano Paez International Airport,Salinas/La Libertad,Ecuador,EC,-2.21006,-80.9851
SNE,Preguiça Airport,Preguiça,Cape Verde,CV,16.5889,-24.2841
SNN,Shannon Airport,Shannon,Ireland,IE,52.702,-8.92482
SNO,Sakon Nakhon Airport,Sakon Nakhon Airport,Thailand,TH,17.1951,104.119
SNP,St Paul Island Airport,St Paul Island,United States,US,57.1663,-170.223
SNR,Saint-Nazaire-Montoir Airport,Saint-Nazaire/Montoir,France,FR,47.3114,-2.15263
SNU,Abel Santamaria International Airport,Santa Clara,Cuba,CU,22.4922,-79.9431
SNV,Santa Elena de Uairén Airport,Santa Elena de Uairén,Venezuela,VE,4.5547,-61.1452
SNW,Thandwe Airport,Thandwe,Myanmar,MM,18.4607,94.3001
SOB,Hévíz–Balaton Airport,Sármellék,Hungary,HU,46.6864,17.1591
SOC,Adisoemarmo International Airport,Surakarta,Indonesia,ID,-7.51604,110.757
SOF,Sofia Airport,Sofia,Bulgaria,BG,42.6964,23.4177
SOJ,Sørkjosen Airport,Sørkjosen,Norway,NO,69.7868,20.9594
SOM,San Tomé Airport,El Tigre,Venezuela,VE,8.94515,-64.1511
SON,Santo Pekoa International Airport,Luganville,Vanuatu,VU,-15.505,167.22
SOQ,Domine Eduard Osok Airport,Sorong,Indonesia,ID,-0.894,131.287
SOU,Southampton Airport,Southampton,United Kingdom,GB,50.9503,-1.3568
SOW,Show Low Regional Airport,Show Low,United States,US,34.2641,-110.007
SPC,La Palma Airport,"Sta Cruz de la Palma, La Palma Island",Spain,ES,28.6265,-17.7556
SPD,Saidpur Airport,Saidpur,Bangladesh,BD,25.7592,88.9089
SPI,Abraham Lincoln Capital Airport,Springfield,United States,US,39.8441,-89.6779
SPN,Saipan International Airport,"I Fadang, Saipan",Northern Mariana Islands,MP,15.1194,145.729
SPP,Menongue Airport,Menongue,Angola,AO,-14.6576,17.7198
SPR,John Greif II Airport,San Pedro,Belize,BZ,17.9139,-87.9711
SPS,Wichita Falls Municipal Airport / Sheppard Air Force Base,Wichita Falls,United States,US,33.9888,-98.4919
SPU,Split Saint Jerome Airport,Split,Croatia,HR,43.5389,16.298
SPX,Sphinx International Airport,Al Jiza,Egypt,EG,30.1082,30.8957
SPY,San Pedro Airport,San Pedro Airport,Côte d'Ivoire,CI,4.74672,-6.66082
SQD,Shangrao Sanqingshan Airport,Shangrao (Hengfeng),China,CN,28.3797,117.964
SQG,Tebelian Airport,Sintang,Indonesia,ID,-0.045214,111.458
SQJ,Sanming Shaxian Airport,Sanming (Sha),China,CN,26.4263,117.834
SQL,San Carlos Airport,San Carlos,United States,US,37.5131,-122.251
SRE,Alcantarí International Airport,Sucre,Bolivia,BO,-19.2468,-65.1496
SRG,Jenderal Ahmad Yani Airport,Semarang,Indonesia,ID,-6.97073,110.373
SRP,"Stord Airport, Sørstokken",Leirvik,Norway,NO,59.7919,5.34085
SRQ,Sarasota Bradenton International Airport,Sarasota/Bradenton,United States,US,27.3946,-82.5544
SRT,Soroti Airport,Soroti,Uganda,UG,1.72769,33.6228
SRY,Sari Dasht-e Naz International Airport,Sari,Iran,IR,36.6444,53.1888
SRZ,El Trompillo Airport,Santa Cruz,Bolivia,BO,-17.8116,-63.1715
SSA,Deputado Luiz Eduardo Magalhães International Airport,Salvador,Brazil,BR,-12.9086,-38.3225
SSG,Malabo International Airport,Malabo,Equatorial Guinea,GQ,3.75527,8.70872
SSH,Sharm El Sheikh International Airport,Sharm El Sheikh,Egypt,EG,27.9773,34.3947
SSJ,"Sandnessjøen Airport, Stokka",Alstahaug,Norway,NO,65.9568,12.4689
SST,Santa Teresita Airport,Santa Teresita,Argentina,AR,-36.5423,-56.7218
SSY,Mbanza Congo Airport,Mbanza Congo,Angola,AO,-6.2699,14.247
STC,Saint Cloud Regional Airport,Saint Cloud,United States,US,45.5466,-94.0599
STD,Mayor Buenaventura Vivas International Airport,Santo Domingo,Venezuela,VE,7.56538,-72.0351
STG,St George Airport,St George,United States,US,56.5773,-169.664
STI,Cibao International Airport,Santiago,Dominican Republic,DO,19.4041,-70.6044
STL,St. Louis Lambert International Airport,St Louis,United States,US,38.7487,-90.37
STM,Santarém - Maestro Wilson Fonseca International Airport,Santarém,Brazil,BR,-2.42242,-54.7931
STN,London Stansted Airport,"London, Essex",United Kingdom,GB,51.885,0.235
STR,Stuttgart Airport,Stuttgart,Germany,DE,48.6899,9.22196
STS,Charles M. Schulz Sonoma County Airport,Santa Rosa,United States,US,38.509,-122.813
STT,Cyril E. King Airport,Charlotte Amalie,U.S. Virgin Islands,VI,18.3371,-64.9773
STV,Surat International Airport,Surat,India,IN,21.1155,72.7433
STW,Stavropol Shpakovskoye Airport,Stavropol,Russia,RU,45.1092,42.1128
STX,Henry E. Rohlsen Airport,Christiansted,U.S. Virgin Islands,VI,17.7014,-64.8026
SUB,Juanda International Airport,Surabaya,Indonesia,ID,-7.37983,112.787
SUF,Lamezia Terme Sant'Eufemia International Airport,Lamezia Terme (CZ),Italy,IT,38.9062,16.246
SUG,Surigao Airport,Surigao City,Philippines,PH,9.75584,125.481
SUI,Vladislav Ardzinba Sukhum International Airport,Sukhumi,Georgia,GE,42.8582,41.1281
SUJ,Satu Mare International Airport,Satu Mare,Romania,RO,47.7033,22.8857
SUN,Friedman Memorial Airport,Hailey,United States,US,43.5044,-114.296
SUV,Nausori International Airport,Nausori,Fiji,FJ,-18.0442,178.561
SUX,Sioux Gateway Airport / Brigadier General Bud Day Field,Sioux City,United States,US,42.3976,-96.3822
SVA,Savoonga Airport,Savoonga,United States,US,63.6864,-170.493
SVB,Sambava Airport,Sambava,Madagascar,MG,-14.2786,50.1747
SVC,Grant County Airport,Silver City,United States,US,32.6367,-108.155
SVD,Argyle International Airport,Kingstown,Saint Vincent and the Grenadines,VC,13.1597,-61.1488
SVG,"Stavanger Airport, Sola",Stavanger,Norway,NO,58.8767,5.63778
SVI,Eduardo Falla Solano Airport,San Vicente Del Caguán,Colombia,CO,2.15217,-74.7663
SVJ,"Svolvær Airport, Helle",Svolvær,Norway,NO,68.2433,14.6692
SVL,Savonlinna Airport,Savonlinna,Finland,FI,61.9431,28.9451
SVO,Sheremetyevo International Airport,Moscow,Russia,RU,55.9769,37.4112
SVQ,Seville Airport,Seville,Spain,ES,37.418,-5.89311
SVX,Koltsovo Airport,Yekaterinburg,Russia,RU,56.7431,60.8027
SVZ,Juan Vicente Gómez International Airport,San Antonio del Tachira,Venezuela,VE,7.84081,-72.4399
SWA,Jieyang Chaoshan International Airport,Jieyang (Rongcheng),China,CN,23.552,116.503
SWF,New York Stewart International Airport,Newburgh,United States,US,41.5042,-74.1089
SWO,Stillwater Regional Airport,Stillwater,United States,US,36.1621,-97.0856
SXB,Strasbourg Airport,Strasbourg,France,FR,48.5383,7.62823
SXM,Princess Juliana International Airport,Sint Maarten,Sint Maarten,SX,18.041,-63.1089
SXR,Sheikh ul Alam International Airport,Srinagar,India,IN,33.9871,74.7742
SYD,Sydney Kingsford Smith International Airport,Sydney (Mascot),Australia,AU,-33.9461,151.177
SYO,Shonai Airport,Shonai,Japan,JP,38.8122,139.787
SYQ,Tobías Bolaños International Airport,San Jose,Costa Rica,CR,9.95705,-84.1398
SYR,Syracuse Hancock International Airport,Syracuse,United States,US,43.1112,-76.1063
SYS,Saskylakh Airport,Saskylakh,Russia,RU,71.9279,114.08
SYX,Sanya Phoenix International Airport,Sanya (Tianya),China,CN,18.3029,109.412
SYY,Stornoway Airport,"Stornoway, Western Isles",United Kingdom,GB,58.2156,-6.33111
SYZ,Shiraz Shahid Dastghaib International Airport,Shiraz,Iran,IR,29.5392,52.5898
SZA,Soyo Airport,Soyo,Angola,AO,-6.14109,12.3718
SZB,Sultan Abdul Aziz Shah International Airport,Subang,Malaysia,MY,3.13058,101.549
SZF,Samsun-Çarşamba Airport,Samsun,Turkey,TR,41.254,36.5675
SZG,Salzburg Airport,Salzburg,Austria,AT,47.7933,13.0043
SZH,Shuozhou Zirun Airport,Shuozhou,China,CN,39.2732,112.692
SZK,Skukuza Airport,Skukuza,South Africa,ZA,-24.9609,31.5886
SZX,Shenzhen Bao'an International Airport,Shenzhen,China,CN,22.6395,113.803
SZY,Olsztyn-Mazury Airport,Szymany,Poland,PL,53.4819,20.9377
SZZ,Solidarity Szczecin–Goleniów Airport,Szczecin(Glewice),Poland,PL,53.5847,14.9022
TAB,A.N.R. Robinson International Airport,Scarborough,Trinidad and Tobago,TT,11.1496,-60.8313
TAC,Daniel Z. Romualdez Airport,Tacloban City,Philippines,PH,11.2278,125.028
TAE,Daegu International Airport,Daegu,South Korea,KR,35.8944,128.657
TAG,Bohol-Panglao International Airport,Panglao,Philippines,PH,9.57305,123.77
TAH,Whitegrass Airport,Tanna Island,Vanuatu,VU,-19.4551,169.224
TAI,Taiz International Airport,Taiz,Yemen,YE,13.686,44.1391
TAK,Takamatsu Airport,Takamatsu,Japan,JP,34.215,134.015
TAM,General Francisco Javier Mina International Airport,Ciudad Madero,Mexico,MX,22.2926,-97.8671
TAO,Qingdao Jiaodong International Airport,Qingdao (Jiaozhou),China,CN,36.362,120.088
TAP,Tapachula International Airport,Tapachula,Mexico,MX,14.7945,-92.3699
TAS,Tashkent International Airport,Tashkent,Uzbekistan,UZ,41.2579,69.2812
TAT,Poprad-Tatry Airport,Poprad,Slovakia,SK,49.071,20.2414
TAY,Tartu Airport,Tartu,Estonia,EE,58.3074,26.6865
TAZ,Dashoguz International Airport,Daşoguz,Turkmenistan,TM,41.7599,59.8361
TBB,Dong Tac Airport,Tuy Hoa,Vietnam,VN,13.0496,109.334
TBH,Tugdan Airport,Tablas Island,Philippines,PH,12.311,122.085
TBI,New Bight Airport,Cat Island,Bahamas,BS,24.3153,-75.4523
TBJ,Tabarka-Aïn Draham International Airport,Tabarka,Tunisia,TN,36.98,8.87694
TBN,Waynesville-St. Robert Regional Airport-Forney Field,Fort Leonard Wood,United States,US,37.7416,-92.1407
TBP,Captain Pedro Canga Rodríguez International Airport,Tumbes,Peru,PE,-3.55207,-80.3811
TBS,Tbilisi International Airport,Tbilisi,Georgia,GE,41.6692,44.9547
TBT,Tabatinga International Airport,Tabatinga,Brazil,BR,-4.25567,-69.9358
TBU,Fua'amotu International Airport,Nuku'alofa,Tonga,TO,-21.2414,-175.149
TBZ,Tabriz International Airport,Tabriz,Iran,IR,38.1339,46.235
TCA,Tennant Creek Airport,Tennant Creek,Australia,AU,-19.6344,134.183
TCB,Treasure Cay Airport,Treasure Cay,Bahamas,BS,26.7453,-77.3913
TCO,La Florida Airport,Tumaco,Colombia,CO,1.81442,-78.7492
TCP,Taba International Airport,Taba,Egypt,EG,29.5945,34.7758
TCQ,Coronel FAP Carlos Ciriani Santa Rosa International Airport,Tacna,Peru,PE,-18.0533,-70.2758
TCZ,Tengchong Tuofeng Airport,Baoshan (Tengchong),China,CN,24.9381,98.4858
TDD,Teniente Av. Jorge Henrich Arauz Airport,Trinidad,Bolivia,BO,-14.8187,-64.918
TDK,Taldykorgan Airport,Taldykorgan,Kazakhstan,KZ,45.1225,78.4428
TDX,Trat Airport,Laem Ngop,Thailand,TH,12.2746,102.319
TEB,Teterboro Airport,Teterboro,United States,US,40.8501,-74.0608
TEE,Cheikh Larbi Tébessi Airport,Tébessi,Algeria,DZ,35.4316,8.12072
TEN,Tongren Fenghuang Airport,Tongren (Daxing),China,CN,27.8833,109.309
TEQ,Tekirdağ Çorlu Airport,Çorlu,Turkey,TR,41.1382,27.9191
TER,Lajes Airport,Praia da Vitória,Portugal,PT,38.7618,-27.0908
TET,Tete Airport,Tete,Mozambique,MZ,-16.1048,33.6402
TEX,Telluride Regional Airport,Telluride,United States,US,37.9538,-107.908
TEZ,Tezpur Airport,Tezpur Airport,India,IN,26.7091,92.7847
TFF,Tefé Airport,Tefé,Brazil,BR,-3.38294,-64.7241
TFN,Tenerife Norte-Ciudad de La Laguna Airport,Tenerife,Spain,ES,28.4828,-16.3417
TFS,Tenerife Sur Airport,Tenerife,Spain,ES,28.0445,-16.5725
TFU,Chengdu Tianfu International Airport,Chengdu (Jianyang),China,CN,30.3125,104.441
TGD,Podgorica Airport / Podgorica Golubovci Airbase,Podgorica,Montenegro,ME,42.3594,19.2519
TGG,Sultan Mahmud Airport,Kuala Terengganu,Malaysia,MY,5.38264,103.103
TGJ,Tiga Airport,Tiga,New Caledonia,NC,-21.0964,167.804
TGK,Taganrog Yuzhny Airport,Taganrog,Russia,RU,47.1983,38.8492
TGM,Târgu Mureş Transilvania International Airport,Recea,Romania,RO,46.4677,24.4125
TGO,Tongliao Airport,Tongliao,China,CN,43.5567,122.2
TGR,Touggourt Sidi Madhi Airport,Touggourt,Algeria,DZ,33.0678,6.08867
TGT,Tanga Airport,Tanga,Tanzania,TZ,-5.09236,39.0712
TGU,Toncontín Airport,Tegucigalpa,Honduras,HN,14.0609,-87.2172
TGZ,Angel Albino Corzo International Airport,Tuxtla Gutiérrez,Mexico,MX,16.5616,-93.0257
THE,Senador Petrônio Portela Airport,Teresina,Brazil,BR,-5.06025,-42.8237
THG,Thangool Airport,Biloela,Australia,AU,-24.4949,150.578
THL,Tachileik Airport,Tachileik,Myanmar,MM,20.4838,99.9354
THN,Trollhättan-Vänersborg Airport,Trollhättan,Sweden,SE,58.3181,12.345
THQ,Tianshui Maijishan Airport,Tianshui (Maiji),China,CN,34.5601,105.86
THR,Mehrabad International Airport,Tehran,Iran,IR,35.6892,51.3144
THS,Sukhothai Airport,Sukhothai Airport,Thailand,TH,17.238,99.8182
THU,Pituffik Space Base,Pituffik,Greenland,GL,76.5306,-68.7005
TIA,Tirana International Airport Mother Teresa,Rinas,Albania,AL,41.4147,19.7206
TIF,Taif International Airport,Taif,Saudi Arabia,SA,21.4847,40.5441
TIH,Tikehau Airport,Tuherahera,French Polynesia,PF,-15.1196,-148.231
TIJ,General Abelardo L. Rodriguez International Airport,Tijuana,Mexico,MX,32.541,-116.97
TIM,Mozes Kilangin Airport,Timika,Indonesia,ID,-4.52978,136.887
TIN,Tindouf Airport,Tindouf,Algeria,DZ,27.7004,-8.1671
TIQ,Francisco Manglona Borja / Tinian International Airport,Tinian Island,Northern Mariana Islands,MP,14.9992,145.619
TIR,Tirupati International Airport,Tirupati,India,IN,13.632,79.5399
TIU,Timaru Airport,Timaru Airport,New Zealand,NZ,-44.3028,171.225
TIV,Tivat Airport,Tivat,Montenegro,ME,42.4047,18.7233
TIW,Tacoma Narrows Airport,Tacoma,United States,US,47.2674,-122.577
TJA,Capitan Oriel Lea Plaza Airport,Tarija,Bolivia,BO,-21.5557,-64.7013
TJG,Warukin Airport,Tanta-Tabalong,Indonesia,ID,-2.21656,115.436
TJH,Konotori Tajima Airport,Toyooka,Japan,JP,35.5128,134.787
TJK,Tokat Airport,Tokat,Turkey,TR,40.3247,36.3906
TJM,Roshchino International Airport,Tyumen,Russia,RU,57.179,65.3277
TJU,Kulob International Airport,Kulob,Tajikistan,TJ,37.9881,69.805
TKD,Takoradi Airport,Sekondi-Takoradi,Ghana,GH,4.89606,-1.77476
TKF,Truckee Tahoe Airport,Truckee,United States,US,39.3186,-120.141
TKG,Radin Inten II International Airport,Bandar Lampung,Indonesia,ID,-5.2468,105.183
TKK,Chuuk International Airport,Weno Island,Micronesia,FM,7.46187,151.843
TKN,Tokunoshima Airport,Amagi,Japan,JP,27.8364,128.881
TKP,Takapoto Airport,Takapoto Airport,French Polynesia,PF,-14.7095,-145.246
TKS,Tokushima Awaodori Airport / JMSDF Tokushima Air Base,Tokushima,Japan,JP,34.1326,134.608
TKU,Turku Airport,Turku,Finland,FI,60.5141,22.2628
TKX,Takaroa Airport,Takaroa Airport,French Polynesia,PF,-14.4558,-145.025
TLC,Adolfo López Mateos International Airport,Toluca,Mexico,MX,19.3369,-99.5658
TLE,Toliara Airport,Toliara,Madagascar,MG,-23.3834,43.7285
TLH,Tallahassee International Airport,Tallahassee,United States,US,30.4012,-84.3543
TLL,Lennart Meri Tallinn Airport,Tallinn,Estonia,EE,59.4132,24.8326
TLM,Zenata – Messali El Hadj Airport,Zenata,Algeria,DZ,35.0127,-1.45712
TLN,Toulon-Hyères Airport,"Hyères, Var",France,FR,43.0973,6.14603
TLQ,Turpan Jiaohe Airport,Turpan,China,CN,43.0308,89.0987
TLS,Toulouse-Blagnac Airport,Toulouse/Blagnac,France,FR,43.6291,1.36382
TLV,Ben Gurion International Airport,Tel Aviv,Israel,IL,32.0114,34.8867
TME,Gustavo Vargas Airport,Tame,Colombia,CO,6.45108,-71.7603
TMH,Tanah Merah Airport,Tanah Merah,Indonesia,ID,-6.09669,140.304
TMJ,Termez Airport,Termez,Uzbekistan,UZ,37.2873,67.3119
TML,Yakubu Tali International Airport,Tamale,Ghana,GH,9.55391,-0.86606
TMM,Toamasina Ambalamanasy Airport,Toamasina,Madagascar,MG,-18.1135,49.3923
TMP,Tampere-Pirkkala Airport,Tampere / Pirkkala,Finland,FI,61.4141,23.6044
TMR,Aguenar – Hadj Bey Akhamok Airport,Tamanrasset,Algeria,DZ,22.811,5.45083
TMS,São Tomé International Airport,São Tomé,São Tomé and Principe,ST,0.378175,6.71215
TMT,Trombetas Airport,Oriximiná,Brazil,BR,-1.4896,-56.3968
TMW,Tamworth Airport,Tamworth,Australia,AU,-31.0779,150.845
TMX,Timimoun Airport,Timimoun,Algeria,DZ,29.2371,0.276033
TNA,Jinan Yaoqiang International Airport,Jinan (Licheng),China,CN,36.8572,117.216
TND,Alberto Delgado Airport,Trinidad,Cuba,CU,21.7883,-79.9972
TNE,New Tanegashima Airport,Tanegashima,Japan,JP,30.6051,130.991
TNG,Tangier Ibn Battuta Airport,Tangier,Morocco,MA,35.7317,-5.92146
TNH,Tonghua Sanyuanpu Airport,Tonghua,China,CN,42.0484,125.734
TNJ,Raja Haji Fisabilillah International Airport,Tanjung Pinang-Bintan Island,Indonesia,ID,0.92397,104.533
TNN,Tainan International Airport / Tainan Air Base,Tainan (Rende),Taiwan,TW,22.9504,120.206
TNR,Ivato International Airport,Antananarivo,Madagascar,MG,-18.7969,47.4788
TOD,Tioman Airport,Tioman Island,Malaysia,MY,2.81818,104.16
TOE,Tozeur Nefta International Airport,Tozeur,Tunisia,TN,33.9397,8.11056
TOF,Tomsk Kamov Airport,Tomsk,Russia,RU,56.3803,85.2083
TOL,Eugene F. Kranz Toledo Express Airport,Toledo,United States,US,41.5868,-83.8078
TOM,Tombouktou Airport,Timbuktu,Mali,ML,16.7305,-3.00758
TOS,Tromsø Airport,Tromsø,Norway,NO,69.6833,18.9189
TOU,Touho Airport,Touho,New Caledonia,NC,-20.7901,165.26
TOY,Toyama Kitokito Airport,Toyama,Japan,JP,36.6484,137.187
TPA,Tampa International Airport,Tampa,United States,US,27.9755,-82.5332
TPE,Taiwan Taoyuan International Airport,Taoyuan,Taiwan,TW,25.0777,121.233
TPJ,Taplejung Airport,Taplejung,Nepal,NP,27.3509,87.6953
TPP,Cadete FAP Guillermo Del Castillo Paredes Airport,Tarapoto,Peru,PE,-6.50874,-76.3732
TPQ,Amado Nervo National Airport,Tepic,Mexico,MX,21.4198,-104.842
TPS,Vincenzo Florio Airport Trapani-Birgi,Trapani (TP),Italy,IT,37.9114,12.488
TQO,Felipe Carrillo Puerto International Airport Tulum,Tulum,Mexico,MX,20.1721,-87.6603
TRA,Tarama Airport,Tarama,Japan,JP,24.6538,124.675
TRC,Francisco Sarabia Tinoco International Airport,Torreón,Mexico,MX,25.5623,-103.405
TRD,"Trondheim Airport, Værnes",Trondheim,Norway,NO,63.4578,10.924
TRE,Tiree Airport,"Balemartine, Argyll and Bute",United Kingdom,GB,56.4992,-6.86917
TRF,"Sandefjord Airport, Torp",Sandefjord(Torp),Norway,NO,59.1867,10.2586
TRG,Tauranga Airport,Tauranga,New Zealand,NZ,-37.6719,176.196
TRI,Tri-Cities Regional TN/VA Airport,Blountville,United States,US,36.4752,-82.4074
TRK,Juwata International Airport / Suharnoko Harbani AFB,Tarakan,Indonesia,ID,3.32515,117.564
TRN,Turin Airport,Caselle Torinese (TO),Italy,IT,45.2008,7.64963
TRR,China Bay Airport,Trincomalee,Sri Lanka,LK,8.53916,81.1813
TRS,Trieste Airport,Ronchi dei Legionari/Trieste,Italy,IT,45.8279,13.4667
TRT,Toraja Airport,Toraja,Indonesia,ID,-3.18436,119.919
TRU,Capitán FAP Carlos Martínez de Pinillos International Airport,Trujillo,Peru,PE,-8.08238,-79.1088
TRV,Thiruvananthapuram International Airport,Thiruvananthapuram,India,IN,8.48189,76.92
TRW,Bonriki International Airport,South Tarawa,Kiribati,KI,1.38164,173.147
TRZ,Tiruchirappalli International Airport,Tiruchirappalli,India,IN,10.7629,78.7177
TSA,Taipei Songshan International Airport,Taipei (Songshan),Taiwan,TW,25.0672,121.553
TSF,Treviso Airport,Treviso (TV),Italy,IT,45.6484,12.1944
TSJ,Tsushima Airport,Tsushima,Japan,JP,34.2849,129.331
TSM,Taos Regional Airport,Taos,United States,US,36.4525,-105.677
TSN,Tianjin Binhai International Airport,Tianjin,China,CN,39.1244,117.346
TSR,Timișoara Traian Vuia International Airport,Timişoara,Romania,RO,45.8099,21.3379
TST,Trang Airport,Trang,Thailand,TH,7.50874,99.6166
TSV,Townsville Airport / RAAF Base Townsville,Townsville,Australia,AU,-19.2529,146.767
TTA,Tan Tan Airport,Tan Tan,Morocco,MA,28.4476,-11.1617
TTE,Sultan Babullah Airport,Ternate,Indonesia,ID,0.831012,127.382
TTJ,Tottori Sand Dunes Conan Airport,Tottori,Japan,JP,35.5301,134.165
TTN,Trenton Mercer Airport,Ewing Township,United States,US,40.2767,-74.8135
TTT,Taitung Airport,Taitung City,Taiwan,TW,22.7549,121.102
TTU,Sania Ramel Airport,Tétouan,Morocco,MA,35.5943,-5.32002
TUA,Lieutenant Colonel Luis A. Mantilla International Airport,Tulcán,Ecuador,EC,0.809506,-77.7081
TUB,Tubuai Airport,Tubuai Airport,French Polynesia,PF,-23.3654,-149.524
TUC,Teniente Benjamín Matienzo International Airport,San Miguel de Tucumán,Argentina,AR,-26.8374,-65.1042
TUF,Tours Val de Loire Airport,"Tours, Indre-et-Loire",France,FR,47.4322,0.727606
TUG,Tuguegarao Airport,Tuguegarao City,Philippines,PH,17.6434,121.733
TUI,Turaif Domestic Airport,Turaif,Saudi Arabia,SA,31.6922,38.7315
TUK,Turbat International Airport,Turbat,Pakistan,PK,25.9848,63.0289
TUL,Tulsa International Airport,Tulsa,United States,US,36.1971,-95.8862
TUN,Tunis Carthage International Airport,Tunis,Tunisia,TN,36.851,10.2272
TUO,Taupo Airport,Taupo,New Zealand,NZ,-38.7397,176.084
TUP,Tupelo Regional Airport,Tupelo,United States,US,34.2681,-88.7699
TUR,Tucuruí Airport,Tucuruí,Brazil,BR,-3.78601,-49.7203
TUS,Tucson International Airport,Tucson,United States,US,32.115,-110.938
TUU,Prince Sultan bin Abdulaziz International Airport,Tabuk,Saudi Arabia,SA,28.3711,36.6249
TVC,Cherry Capital Airport,Traverse City,United States,US,44.7414,-85.5822
TVF,Thief River Falls Regional Airport,Thief River Falls,United States,US,48.0657,-96.185
TVT,Tashkent-Khumo International Airport,Tashkent,Uzbekistan,UZ,41.3129,69.3955
TVY,Dawei Airport,Dawei,Myanmar,MM,14.1039,98.2036
TWF,Joslin Field Magic Valley Regional Airport,Twin Falls,United States,US,42.4818,-114.488
TWT,Sanga Sanga Airport,Bongao,Philippines,PH,5.0482,119.743
TWU,Tawau Airport,Tawau,Malaysia,MY,4.31338,118.122
TXE,Rembele Airport,Takengon,Indonesia,ID,4.72113,96.8519
TXK,Texarkana Regional Airport (Webb Field),Texarkana,United States,US,33.4537,-93.991
TXN,Huangshan Tunxi International Airport,Huangshan,China,CN,29.7333,118.256
TYF,Torsby Airport,Torsby,Sweden,SE,60.1576,12.9913
TYL,Captain Victor Montes Arias International Airport,Talara,Peru,PE,-4.57664,-81.2541
TYN,Taiyuan Wusu International Airport,Taiyuan,China,CN,37.7469,112.628
TYR,Tyler Pounds Regional Airport,Tyler,United States,US,32.3541,-95.4024
TYS,McGhee Tyson Airport,Knoxville/Maryville,United States,US,35.811,-83.994
TZA,Sir Barry Bowen Municipal Airport,Belize City,Belize,BZ,17.5172,-88.1958
TZL,Tuzla International Airport,Dubrave Gornje,Bosnia and Herzegovina,BA,44.4599,18.7236
TZN,Congo Town Airport,Andros,Bahamas,BS,24.1587,-77.5898
TZX,Trabzon International Airport,Trabzon,Turkey,TR,40.9951,39.7897
UAI,"Commander in Chief of FALINTIL, Kay Rala Xanana Gusmão, International Airport",Suai,Timor-Leste,TL,-9.30186,125.286
UAQ,Domingo Faustino Sarmiento Airport,San Juan,Argentina,AR,-31.5715,-68.4182
UAR,Bouarfa Airport,Bouarfa,Morocco,MA,32.5143,-1.98306
UBA,Mário de Almeida Franco Airport,Uberaba,Brazil,BR,-19.765,-47.9648
UBJ,Yamaguchi Ube Airport,Ube,Japan,JP,33.93,131.279
UBN,Ulaanbaatar Chinggis Khaan International Airport,Ulaanbaatar (Sergelen),Mongolia,MN,47.6469,106.82
UBP,Ubon Ratchathani Airport,Ubon Ratchathani,Thailand,TH,15.2513,104.87
UCB,Ulanqab Jining Airport,Ulanqab,China,CN,41.1303,113.107
UCT,Ukhta Airport,Ukhta,Russia,RU,63.5669,53.8047
UDI,Ten. Cel. Aviador César Bombonato Airport,Uberlândia,Brazil,BR,-18.8836,-48.2259
UDJ,Uzhhorod International Airport,Uzhhorod,Ukraine,UA,48.6343,22.2634
UDR,Maharana Pratap Airport,Udaipur,India,IN,24.6177,73.8961
UEL,Quelimane Airport,Quelimane,Mozambique,MZ,-17.8555,36.8691
UEO,Kumejima Airport,Kumejima,Japan,JP,26.3634,126.714
UET,Quetta International Airport,Quetta,Pakistan,PK,30.2514,66.9378
UFA,Ufa International Airport,Ufa,Russia,RU,54.5575,55.8744
UGA,Bulgan Airport,Bulgan,Mongolia,MN,48.855,103.476
UGC,Urgench International Airport,Urgench,Uzbekistan,UZ,41.5827,60.6434
UGU,Bilorai Airport,Bilogai,Indonesia,ID,-3.7395,137.031
UIB,El Caraño Airport,Quibdó,Colombia,CO,5.69076,-76.6412
UIH,Phu Cat Airport,Quy Nohn,Vietnam,VN,13.955,109.042
UIN,Quincy Regional Airport Baldwin Field,Quincy,United States,US,39.9427,-91.1946
UIO,Mariscal Sucre International Airport,Quito,Ecuador,EC,-0.125399,-78.3543
UKB,Kobe Airport,Kobe,Japan,JP,34.6328,135.224
UKE,Utkela Airport,Bhawanipatna,India,IN,20.0978,83.1833
UKK,Oskemen International Airport,Ust-Kamenogorsk (Oskemen),Kazakhstan,KZ,50.035,82.4961
UKX,Ust-Kut Airport,Ust-Kut,Russia,RU,56.8567,105.73
ULG,Ölgii Mongolei International Airport,Ölgii,Mongolia,MN,48.9933,89.9225
ULH,Al-Ula International Airport,Al-Ula,Saudi Arabia,SA,26.4836,38.117
ULK,Lensk Airport,Lensk,Russia,RU,60.7236,114.825
ULO,Ulaangom Airport,Ulaangom,Mongolia,MN,50.0666,91.9383
ULP,Quilpie Airport,Quilpie Airport,Australia,AU,-26.6092,144.254
ULU,Gulu Airport,Gulu,Uganda,UG,2.80556,32.2718
ULV,Ulyanovsk Baratayevka Airport,Ulyanovsk,Russia,RU,54.2702,48.2256
ULY,Ulyanovsk Vostochny Airport,Cherdakly,Russia,RU,54.401,48.8027
UME,Umeå Airport,Umeå,Sweden,SE,63.7918,20.2828
UNI,Union Island International Airport,Union Island,Saint Vincent and the Grenadines,VC,12.6001,-61.4119
UNK,Unalakleet Airport,Unalakleet,United States,US,63.8884,-160.799
UNN,Ranong Airport,Ranong,Thailand,TH,9.77762,98.5855
UPG,Sultan Hasanuddin International Airport,Makassar,Indonesia,ID,-5.07554,119.554
UPN,Uruapan - Licenciado y General Ignacio Lopez Rayon International Airport,Uruapan,Mexico,MX,19.3967,-102.039
URA,Manshuk Mametova International Airport,Uralsk,Kazakhstan,KZ,51.152,51.5437
URC,Ürümqi Tianshan International Airport,Ürümqi,China,CN,43.9136,87.4794
URE,Kuressaare Airport,Kuressaare,Estonia,EE,58.2299,22.5095
URG,Rubem Berta Airport,Uruguaiana,Brazil,BR,-29.7822,-57.0382
URJ,Uray Airport,Uray,Russia,RU,60.1033,64.8267
URS,Kursk East Airport,Kursk,Russia,RU,51.7506,36.2956
URT,Surat Thani Airport,Surat Thani,Thailand,TH,9.1326,99.1356
URY,Gurayat Domestic Airport,Gurayat,Saudi Arabia,SA,31.4124,37.2789
USA,Concord-Padgett Regional Airport,Concord,United States,US,35.3878,-80.7091
USH,Ushuaia - Malvinas Argentinas International Airport,Ushuaia,Argentina,AR,-54.8433,-68.2958
USK,Usinsk Airport,Usinsk,Russia,RU,66.0047,57.3672
USM,Samui International Airport,Na Thon (Ko Samui Island),Thailand,TH,9.54779,100.062
USN,Ulsan Airport,Ulsan,South Korea,KR,35.5935,129.352
USR,Ust-Nera Airport,Ust-Nera,Russia,RU,64.55,143.115
UST,Northeast Florida Regional Airport,St Augustine,United States,US,29.9592,-81.3398
USU,Francisco B. Reyes (Busuanga) Airport,Coron,Philippines,PH,12.1219,120.101
UTH,Udon Thani International Airport,Udon Thani,Thailand,TH,17.3862,102.789
UTN,Upington Airport,Upington,South Africa,ZA,-28.4002,21.2636
UTO,Indian Mountain LRRS Airport,Utopia Creek,United States,US,65.9928,-153.704
UTP,U-Tapao–Rayong–Pattaya International Airport,Rayong,Thailand,TH,12.6799,101.005
UTT,K. D. Matanzima Airport,Mthatha,South Africa,ZA,-31.5464,28.6734
UUA,Bugulma Airport,Bugulma,Russia,RU,54.6412,52.8002
UUD,Baikal International Airport,Ulan Ude,Russia,RU,51.8086,107.44
UUS,Yuzhno-Sakhalinsk International Airport,Yuzhno-Sakhalinsk,Russia,RU,46.8855,142.717
UVE,Ouvéa Airport,Ouvéa,New Caledonia,NC,-20.6409,166.573
UVF,Hewanorra International Airport,Vieux Fort,Saint Lucia,LC,13.7332,-60.9526
UYL,Nyala Airport,Nyala,Sudan,SD,12.0535,24.9562
UYN,Yulin Yuyang Airport,Yulin,China,CN,38.3597,109.591
UYU,Joya Andina International Airport,Quijarro,Bolivia,BO,-20.4413,-66.8576
VAA,Vaasa Airport,Vaasa,Finland,FI,63.0502,21.7625
VAI,Vanimo Airport,Vanimo,Papua New Guinea,PG,-2.6926,141.303
VAM,Villa International Airport Maamigili,Maamigili,Maldives,MV,3.47175,72.8326
VAN,Van Ferit Melen Airport,Van,Turkey,TR,38.4682,43.3323
VAQ,Vanavara Airport,Vanavara,Russia,RU,60.3562,102.31
VAR,Varna Airport,Varna,Bulgaria,BG,43.2321,27.8251
VAS,Sivas Nuri Demirağ Airport,Sivas,Turkey,TR,39.8138,36.9035
VAV,Vava'u International Airport,Vava'u Island,Tonga,TO,-18.5853,-173.962
VAW,"Vardø Airport, Svartnes",Vardø,Norway,NO,70.3554,31.0449
VBS,Brescia Gabriele d'Annunzio Airport,Montichiari (BS),Italy,IT,45.4289,10.3306
VBY,Visby Airport,Visby,Sweden,SE,57.6628,18.3462
VCA,Can Tho International Airport,Can Tho,Vietnam,VN,10.0834,105.709
VCE,Venice Marco Polo Airport,Venezia (VE),Italy,IT,45.5053,12.3519
VCP,Viracopos International Airport,Campinas,Brazil,BR,-23.0074,-47.1345
VCS,Con Dao Airport,Con Dao,Vietnam,VN,8.73183,106.633
VCT,Victoria Regional Airport,Victoria,United States,US,28.8526,-96.9185
VDC,Glauber de Andrade Rocha Airport,Vitória da Conquista,Brazil,BR,-14.9079,-40.9148
VDE,El Hierro Airport,El Hierro Island,Spain,ES,27.8148,-17.8871
VDH,Dong Hoi Airport,Dong Hoi,Vietnam,VN,17.515,106.591
VDM,Gobernador Castello Airport,Viedma / Carmen de Patagones,Argentina,AR,-40.8692,-63.0004
VDO,Van Don International Airport,Van Don,Vietnam,VN,21.1207,107.415
VDS,Vadsø Airport,Vadsø,Norway,NO,70.0653,29.8447
VDZ,Valdez Pioneer Field,Valdez,United States,US,61.1327,-146.247
VEL,Vernal Regional Airport,Vernal,United States,US,40.4362,-109.512
VEO,Severo-Yeniseysk Airport,Severo-Yeniseysk,Russia,RU,60.3733,93.0117
VER,General Heriberto Jara International Airport,Veracruz,Mexico,MX,19.1396,-96.1886
VFA,Victoria Falls International Airport,Victoria Falls,Zimbabwe,ZW,-18.0974,25.8369
VGA,Vijayawada International Airport,Vijayawada,India,IN,16.53,80.8049
VGO,Vigo Airport,Vigo,Spain,ES,42.2318,-8.62677
VHM,Vilhelmina South Lapland Airport,Vilhelmina,Sweden,SE,64.5791,16.8336
VIE,Vienna International Airport,Vienna,Austria,AT,48.1103,16.5697
VIG,Juan Pablo Pérez Alfonso Airport,El Vigía,Venezuela,VE,8.62414,-71.6727
VII,Vinh Airport,Vinh,Vietnam,VN,18.7376,105.671
VIJ,Virgin Gorda Airport,Spanish Town,British Virgin Islands,VG,18.4466,-64.4279
VIL,Dakhla Airport,Dakhla,Western Sahara (disputed territory),EH,23.7183,-15.932
VIT,Vitoria Airport,Alava,Spain,ES,42.8828,-2.72447
VIX,Eurico de Aguiar Salles International Airport,Vitória,Brazil,BR,-20.258,-40.285
VKG,Rach Gia Airport,Rach Gia,Vietnam,VN,9.95803,105.132
VKO,Vnukovo International Airport,Moscow,Russia,RU,55.5915,37.2615
VKT,Vorkuta Airport,Vorkuta,Russia,RU,67.4886,63.9931
VLC,Valencia Airport,Valencia,Spain,ES,39.4892,-0.480961
VLD,Valdosta Regional Airport,Valdosta,United States,US,30.7825,-83.2767
VLI,Bauerfield International Airport,Port Vila,Vanuatu,VU,-17.6993,168.32
VLL,Valladolid Airport,Valladolid,Spain,ES,41.7061,-4.85194
VLN,Arturo Michelena International Airport,Valencia,Venezuela,VE,10.1497,-67.9284
VLV,Dr. Antonio Nicolás Briceño Airport,Valera,Venezuela,VE,9.34048,-70.5841
VMU,Baimuru Airport,Baimuru,Papua New Guinea,PG,-7.49695,144.822
VNO,Vilnius International Airport,Vilnius,Lithuania,LT,54.6341,25.2858
VNS,Lal Bahadur Shastri International Airport,Varanasi,India,IN,25.4522,82.8625
VNX,Vilankulo Airport,Vilanculo,Mozambique,MZ,-22.0184,35.3133
VOG,Volgograd International Airport,Volgograd,Russia,RU,48.7813,44.3392
VOL,Nea Anchialos National Airport,Nea Anchialos,Greece,GR,39.2196,22.7943
VOZ,Voronezh International Airport,Voronezh,Russia,RU,51.8143,39.2309
VPE,Ngjiva Pereira Airport,Ngiva,Angola,AO,-17.0435,15.6838
VPN,Vopnafjörður Airport,Vopnafjörður,Iceland,IS,65.7206,-14.8506
VPS,Destin-Fort Walton Beach Airport,Valparaiso,United States,US,30.4813,-86.5158
VPY,Chimoio Airport,Chimoio,Mozambique,MZ,-19.1513,33.429
VQS,Antonio Rivera Rodriguez Airport,Vieques,Puerto Rico,PR,18.1348,-65.4936
VRA,Juan Gualberto Gomez International Airport,Matanzas,Cuba,CU,23.0344,-81.4353
VRB,Vero Beach Regional Airport,Vero Beach,United States,US,27.6556,-80.4179
VRC,Virac Airport,Virac,Philippines,PH,13.5764,124.206
VRL,Vila Real Airport,Vila Real,Portugal,PT,41.2743,-7.72047
VRN,Verona Villafranca Valerio Catullo Airport,Caselle (VR),Italy,IT,45.395,10.8873
VSA,Carlos Rovirosa Pérez International Airport,Villahermosa,Mexico,MX,17.9943,-92.8182
VSE,Aerodromo Goncalves Lobato (Viseu Airport),Viseu,Portugal,PT,40.7255,-7.88899
VST,Stockholm Västerås Airport,Stockholm / Västerås,Sweden,SE,59.5894,16.6336
VTE,Wattay International Airport,Vientiane,Laos,LA,17.9851,102.567
VTU,Hermanos Ameijeiras Airport,Las Tunas,Cuba,CU,20.9876,-76.9358
VTZ,Visakhapatnam International Airport,Visakhapatnam,India,IN,17.7235,83.2277
VUP,Alfonso López Pumarejo Airport,Valledupar,Colombia,CO,10.435,-73.2495
VUS,Velikiy Ustyug Airport,Velikiy Ustyug,Russia,RU,60.7883,46.26
VVC,Vanguardia Airport,Villavicencio,Colombia,CO,4.16787,-73.6138
VVI,Viru Viru International Airport,Santa Cruz,Bolivia,BO,-17.6448,-63.1354
VVO,Vladivostok International Airport,Artyom,Russia,RU,43.3963,132.148
VVZ,Illizi Takhamalt Airport,Illizi,Algeria,DZ,26.7235,8.62265
VXC,Lichinga Airport,Lichinga,Mozambique,MZ,-13.274,35.2663
VXE,Cesaria Evora International Airport,São Pedro,Cape Verde,CV,16.8334,-25.0553
VXO,Växjö Kronoberg Airport,Växjö,Sweden,SE,56.9291,14.728
VYI,Vilyuisk Airport,Vilyuisk,Russia,RU,63.7567,121.693
WAE,Wadi Al Dawasir Domestic Airport,Wadi Al Dawasir,Saudi Arabia,SA,20.5043,45.1996
WAG,Wanganui Airport,Wanganui,New Zealand,NZ,-39.9635,175.024
WAW,Warsaw Chopin Airport,Warsaw,Poland,PL,52.1657,20.9671
WBM,Wapenamanda Airport,Wapenamanda,Papua New Guinea,PG,-5.63529,143.892
WDH,Hosea Kutako International Airport,Windhoek,Namibia,NA,-22.4799,17.4709
WDS,Shiyan Wudangshan Airport,Shiyan (Maojian),China,CN,32.5929,110.906
WEF,Weifang Nanyuan Airport,Weifang (Kuiwen),China,CN,36.6467,119.119
WEH,Weihai Dashuibo Airport,Weihai,China,CN,37.1871,122.229
WEI,Weipa Airport,Weipa,Australia,AU,-12.6775,141.923
WGA,Wagga Wagga Airport,Forest Hill,Australia,AU,-35.1635,147.468
WGE,Walgett Airport,Walgett Airport,Australia,AU,-30.0328,148.126
WGN,Shaoyang Wugang Airport,Shaoyang (Wugang),China,CN,26.8061,110.641
WHA,Wuhu Xuanzhou Airport,Wuhu,China,CN,31.1045,118.667
WHK,Whakatāne Airport,Whakatāne,New Zealand,NZ,-37.9222,176.917
WIC,Wick John O'Groats Airport,Wick,United Kingdom,GB,58.4589,-3.09306
WIL,Nairobi Wilson Airport,Nairobi,Kenya,KE,-1.32172,36.8148
WIN,Winton Airport,Winton Airport,Australia,AU,-22.3636,143.086
WJR,Wajir Airport,Wajir,Kenya,KE,1.73324,40.0916
WJU,Wonju Airport / Hoengseong Air Base (K-38/K-46),Wonju,South Korea,KR,37.4371,127.96
WKA,Wanaka Airport,Wanaka,New Zealand,NZ,-44.7221,169.246
WKJ,Wakkanai Airport,Wakkanai,Japan,JP,45.4042,141.801
WKK,Aleknagik / New Airport,Aleknagik,United States,US,59.2826,-158.618
WLG,Wellington International Airport,Wellington,New Zealand,NZ,-41.3268,174.807
WLS,Hihifo Airport,Wallis Island,Wallis and Futuna,WF,-13.2394,-176.199
WMI,Warsaw Modlin Airport,Nowy Dwór Mazowiecki,Poland,PL,52.4511,20.6518
WMN,Maroantsetra Airport,Maroantsetra,Madagascar,MG,-15.4377,49.6891
WMT,Zunyi Maotai Airport,Zunyi,China,CN,27.9618,106.435
WMX,Wamena Airport,Wamena,Indonesia,ID,-4.09732,138.952
WNI,Matahora Airport,Wangi-wangi Island,Indonesia,ID,-5.29212,123.636
WNP,Naga Airport,Naga,Philippines,PH,13.5849,123.27
WNR,Windorah Airport,Windorah,Australia,AU,-25.4106,142.668
WNS,Shaheed Benazirabad Airport,Nawabashah,Pakistan,PK,26.2194,68.3901
WNZ,Wenzhou Longwan International Airport,Wenzhou (Longwan),China,CN,27.9106,120.853
WOS,Wonsan Kalma Airport,Wonsan,North Korea,KP,39.1652,127.488
WRE,Whangarei Airport,Whangarei,New Zealand,NZ,-35.7693,174.364
WRG,Wrangell Airport,Wrangell,United States,US,56.4843,-132.37
WRO,Copernicus Wrocław Airport,Wrocław,Poland,PL,51.1037,16.8821
WST,Westerly State Airport,Westerly,United States,US,41.3496,-71.8034
WSZ,Westport Airport,Westport,New Zealand,NZ,-41.7371,171.579
WTB,Toowoomba Wellcamp Airport,Toowoomba,Australia,AU,-27.5583,151.793
WUA,Wuhai Airport,Wuhai,China,CN,39.7934,106.799
WUH,Wuhan Tianhe International Airport,Wuhan (Huangpi),China,CN,30.7748,114.214
WUN,Wiluna Airport,Wiluna Airport,Australia,AU,-26.6327,120.222
WUS,Nanping Wuyishan Airport,Wuyishan,China,CN,27.7019,118.001
WUU,Wau Airport,Wau,South Sudan,SS,7.72583,27.975
WUX,Sunan Shuofang International Airport,Wuxi,China,CN,31.497,120.43
WUZ,Wuzhou Xijiang Airport,Tangbu,China,CN,23.4032,111.093
WVB,Walvis Bay International Airport,Walvis Bay(Rooikop),Namibia,NA,-22.9793,14.6471
WWK,Wewak International Airport,Wewak,Papua New Guinea,PG,-3.58383,143.669
WYA,Whyalla Airport,Whyalla,Australia,AU,-33.0589,137.514
WYS,Yellowstone Airport,West Yellowstone,United States,US,44.6884,-111.118
XAI,Xinyang Minggang Airport,Xinyang,China,CN,32.5408,114.079
XAP,Serafin Enoss Bertaso Airport,Chapecó,Brazil,BR,-27.1342,-52.6566
XBJ,Birjand International Airport,Birjand,Iran,IR,32.8965,59.2813
XCH,Christmas Island International Airport,Flying Fish Cove,Christmas Island,CX,-10.4504,105.691
XCR,Chalons Vatry airport,Chalons en Champagne,France,FR,48.7733,4.20611
XFN,Xiangyang Liuji Airport,Xiangyang (Xiangzhou),China,CN,32.1522,112.292
XIC,Xichang Qingshan Airport,Liangshan (Xichang),China,CN,27.9891,102.184
XIL,Xilinhot Airport,Xilinhot,China,CN,43.9156,115.964
XIY,Xi'an Xianyang International Airport,Xi'an,China,CN,34.4422,108.762
XKS,Kasabonika Airport,Kasabonika,Canada,CA,53.5247,-88.6428
XMH,Manihi Airport,Manihi Airport,French Polynesia,PF,-14.4368,-146.07
XMN,Xiamen Gaoqi International Airport,Xiamen,China,CN,24.5439,118.127
XMS,Coronel E Carvajal Airport,Macas,Ecuador,EC,-2.29917,-78.1208
XNA,Northwest Arkansas National Airport,Fayetteville/Springdale/Rogers,United States,US,36.2819,-94.3068
XNN,Xining Caojiabao International Airport,Haidong (Huzhu Tu Autonomous County),China,CN,36.5277,102.04
XPL,Palmerola International Airport,Palmerola,Honduras,HN,14.3824,-87.6212
XQP,Quepos Managua Airport,Quepos,Costa Rica,CR,9.44316,-84.1298
XQU,Qualicum Beach Airport,Qualicum Beach,Canada,CA,49.3375,-124.393
XRY,Jerez Airport,Jerez de la Frontera,Spain,ES,36.7446,-6.06011
XSC,South Caicos Airport,South Caicos,Turks and Caicos Islands,TC,21.5157,-71.5285
XSP,Seletar Airport,Seletar,Singapore,SG,1.41555,103.867
XTG,Thargomindah Airport,Thargomindah,Australia,AU,-27.9864,143.812
XUZ,Xuzhou Guanyin International Airport,Xuzhou,China,CN,34.0591,117.555
XWA,Williston Basin International Airport,Williston,United States,US,48.2609,-103.751
YAA,Anahim Lake Airport,Anahim Lake,Canada,CA,52.4515,-125.304
YAG,Fort Frances Municipal Airport,Fort Frances,Canada,CA,48.6557,-93.4435
YAK,Yakutat Airport,Yakutat,United States,US,59.5087,-139.66
YAM,Sault Ste Marie Airport,Sault Ste Marie,Canada,CA,46.4832,-84.5085
YAP,Yap International Airport,Yap Island,Micronesia,FM,9.49891,138.083
YAY,St. Anthony Airport,St. Anthony,Canada,CA,51.3919,-56.0832
YAZ,Tofino / Long Beach Airport,Tofino,Canada,CA,49.0798,-125.776
YBC,Baie-Comeau Airport,Baie-Comeau,Canada,CA,49.1325,-68.2044
YBG,Saguenay-Bagotville Airport,Saguenay,Canada,CA,48.3301,-70.992
YBK,Baker Lake Airport,Baker Lake,Canada,CA,64.2989,-96.0778
YBL,Campbell River Airport,Campbell River,Canada,CA,49.9508,-125.271
YBP,Yibin Wuliangye Airport,Yibin (Cuiping),China,CN,28.8584,104.526
YBR,Brandon Municipal Airport,Brandon,Canada,CA,49.91,-99.9519
YBX,Lourdes-de-Blanc-Sablon Airport,Blanc-Sablon,Canada,CA,51.4436,-57.1853
YBY,Bonnyville Airport,Bonnyville,Canada,CA,54.3042,-110.744
YCB,Cambridge Bay Airport,Cambridge Bay,Canada,CA,69.1081,-105.138
YCD,Nanaimo Airport,Nanaimo,Canada,CA,49.055,-123.87
YCG,Castlegar/West Kootenay Regional Airport,Castlegar,Canada,CA,49.2964,-117.632
YCL,Charlo Airport,Charlo,Canada,CA,47.9908,-66.3303
YCM,Niagara District Airport,Niagara-on-the-Lake,Canada,CA,43.1916,-79.1717
YCU,Yuncheng Yanhu International Airport,Yuncheng (Yanhu),China,CN,35.1178,111.034
YDA,Dawson City Airport,Dawson City,Canada,CA,64.0431,-139.128
YDF,Deer Lake Airport,Deer Lake,Canada,CA,49.2082,-57.3961
YDN,Dauphin Barker Airport,Dauphin,Canada,CA,51.1008,-100.052
YEG,Edmonton International Airport,Edmonton,Canada,CA,53.3097,-113.58
YEI,Bursa Yenişehir Airport,Yenişehir,Turkey,TR,40.2552,29.5626
YEV,Inuvik Mike Zubko Airport,Inuvik,Canada,CA,68.3042,-133.483
YFB,Iqaluit Airport,Iqaluit,Canada,CA,63.7564,-68.5558
YFC,Fredericton International Airport,Fredericton,Canada,CA,45.8687,-66.5299
YFS,Fort Simpson Airport,Fort Simpson,Canada,CA,61.7602,-121.237
YGJ,Yonago Kitaro Airport / JASDF Miho Air Base,Yonago,Japan,JP,35.4922,133.236
YGL,La Grande Rivière Airport,La Grande Rivière,Canada,CA,53.6253,-77.7042
YGP,Michel-Pouliot Gaspé Airport,Gaspé,Canada,CA,48.7749,-64.4819
YGR,Îles-de-la-Madeleine Airport,Les Îles-de-la-Madeleine,Canada,CA,47.4252,-61.7786
YGV,Havre-Saint-Pierre Airport,Havre-Saint-Pierre,Canada,CA,50.2819,-63.6114
YGW,Kuujjuarapik Airport,Kuujjuarapik,Canada,CA,55.2819,-77.7653
YHM,John C. Munro Hamilton International Airport,Hamilton,Canada,CA,43.1735,-79.9312
YHU,Montréal / Saint-Hubert Metropolitan Airport,Montréal,Canada,CA,45.5175,-73.4169
YHY,Hay River / Merlyn Carter Airport,Hay River,Canada,CA,60.8397,-115.783
YHZ,Halifax / Stanfield International Airport,Halifax,Canada,CA,44.8808,-63.5086
YIA,Yogyakarta International Airport,Yogyakarta,Indonesia,ID,-7.90534,110.057
YIC,Yichun Mingyueshan Airport,Yichun,China,CN,27.8025,114.306
YIE,Arxan Yi'ershi Airport,Arxan,China,CN,47.3106,119.912
YIF,St Augustin Airport,St-Augustin,Canada,CA,51.2117,-58.6583
YIH,Yichang Sanxia Airport,Yichang (Xiaoting),China,CN,30.5541,111.483
YIN,Ili Yining International Airport,Ili (Yining / Ghulja),China,CN,43.9558,81.3303
YIV,Island Lake Airport,Island Lake,Canada,CA,53.8572,-94.6536
YIW,Yiwu Airport,Yiwu/Jinhua,China,CN,29.3421,120.031
YJT,Stephenville Dymond International Airport,Stephenville,Canada,CA,48.5434,-58.5529
YKA,Kamloops John Moose Fulton Field Regional Airport,Kamloops,Canada,CA,50.703,-120.449
YKF,Region of Waterloo International Airport,Breslau,Canada,CA,43.4608,-80.3786
YKH,Yingkou Lanqi Airport,Yingkou (Laobian),China,CN,40.5425,122.359
YKL,Schefferville Airport,Schefferville,Canada,CA,54.8053,-66.8053
YKM,Yakima Air Terminal McAllister Field,Yakima,United States,US,46.5682,-120.544
YKO,Hakkari Yüksekova Airport,Hakkari,Turkey,TR,37.5497,44.2381
YKS,Platon Oyunsky Yakutsk International Airport,Yakutsk,Russia,RU,62.0933,129.771
YLK,Barrie-Lake Simcoe Regional Airport,Barrie,Canada,CA,44.4851,-79.5547
YLL,Lloydminster Airport,Lloydminster,Canada,CA,53.3092,-110.073
YLW,Kelowna International Airport,Kelowna,Canada,CA,49.9561,-119.378
YLX,Yulin Fumian Airport,Yulin,China,CN,22.433,110.12
YMM,Fort McMurray International Airport,Fort McMurray,Canada,CA,56.6533,-111.222
YMO,Moosonee Airport,Moosonee,Canada,CA,51.2911,-80.6078
YMS,Moises Benzaquen Rengifo Airport,Yurimaguas,Peru,PE,-5.89377,-76.1182
YMT,Chapais Airport,Chibougamau,Canada,CA,49.7719,-74.5281
YMX,Montreal Mirabel International Airport,Montréal,Canada,CA,45.6795,-74.0387
YNA,Natashquan Airport,Natashquan,Canada,CA,50.1901,-61.789
YNB,Prince Abdulmohsen Bin Abdulaziz International Airport,Yanbu,Saudi Arabia,SA,24.1442,38.0634
YND,Ottawa / Gatineau Airport,Gatineau,Canada,CA,45.5217,-75.5636
YNJ,Yanji Chaoyangchuan Airport,Yanji,China,CN,42.8828,129.451
YNL,Points North Landing Airport,Points North Landing,Canada,CA,58.2767,-104.082
YNT,Yantai Penglai International Airport,Yantai,China,CN,37.6597,120.978
YNY,Yangyang International Airport,Gonghang-ro,South Korea,KR,38.0605,128.67
YNZ,Yancheng Nanyang International Airport,Yancheng (Tinghu),China,CN,33.4283,120.205
YOJ,High Level Airport,High Level,Canada,CA,58.6214,-117.165
YOL,Yola Airport,Yola,Nigeria,NG,9.25755,12.4304
YOW,Ottawa Macdonald-Cartier International Airport,Ottawa,Canada,CA,45.3225,-75.6692
YPA,Prince Albert Glass Field,Prince Albert,Canada,CA,53.2142,-105.673
YPE,Peace River Airport,Peace River,Canada,CA,56.2269,-117.447
YPL,Pickle Lake Airport,Pickle Lake,Canada,CA,51.4464,-90.2142
YPN,Port-Menier Airport,Port-Menier,Canada,CA,49.8364,-64.2886
YPQ,Peterborough Regional Airport,Peterborough,Canada,CA,44.2323,-78.3621
YPR,Prince Rupert Airport,Prince Rupert,Canada,CA,54.2861,-130.445
YPW,Powell River Airport,Powell River,Canada,CA,49.8342,-124.5
YPX,Puvirnituq Airport,Puvirnituq,Canada,CA,60.0506,-77.2869
YPY,Fort Chipewyan Airport,Fort Chipewyan,Canada,CA,58.7672,-111.117
YPZ,Burns Lake Airport,Burns Lake,Canada,CA,54.3764,-125.951
YQA,Muskoka Airport,Gravenhurst,Canada,CA,44.9754,-79.3065
YQB,Quebec Jean Lesage International Airport,Quebec,Canada,CA,46.7911,-71.3933
YQD,The Pas Airport,The Pas,Canada,CA,53.9714,-101.091
YQG,Windsor International Airport,Windsor,Canada,CA,42.2756,-82.9556
YQH,Watson Lake Airport,Watson Lake,Canada,CA,60.1168,-128.822
YQK,Kenora Airport,Kenora,Canada,CA,49.7883,-94.3631
YQL,Lethbridge County Airport,Lethbridge,Canada,CA,49.6303,-112.8
YQM,Greater Moncton Roméo LeBlanc International Airport,Moncton,Canada,CA,46.1132,-64.6772
YQN,Nakina Airport,Nakina,Canada,CA,50.1828,-86.6964
YQQ,Comox Valley International Airport / CFB Comox,Comox,Canada,CA,49.7108,-124.887
YQR,Regina International Airport,Regina,Canada,CA,50.4319,-104.661
YQT,Thunder Bay International Airport,Thunder Bay,Canada,CA,48.3719,-89.3239
YQU,Grande Prairie Airport,Grande Prairie,Canada,CA,55.1797,-118.885
YQX,Gander International Airport,Gander,Canada,CA,48.9363,-54.5677
YQY,Sydney / J.A. Douglas McCurdy Airport,Sydney,Canada,CA,46.1611,-60.0498
YQZ,Quesnel Airport,Quesnel,Canada,CA,53.0261,-122.51
YRB,Resolute Bay Airport,Resolute Bay,Canada,CA,74.7169,-94.9694
YRJ,Roberval Airport,Roberval,Canada,CA,48.5197,-72.2657
YRL,Red Lake Airport,Red Lake,Canada,CA,51.0669,-93.7931
YRO,Ottawa / Rockcliffe Airport,Ottawa,Canada,CA,45.4605,-75.644
YRT,Rankin Inlet Airport,Rankin Inlet,Canada,CA,62.8114,-92.1158
YSB,Sudbury Airport,Sudbury,Canada,CA,46.625,-80.7989
YSF,Stony Rapids Airport,Stony Rapids,Canada,CA,59.2503,-105.841
YSJ,Saint John Airport,Saint John,Canada,CA,45.3161,-65.8903
YSL,Saint-Léonard Airport,Saint-Léonard,Canada,CA,47.1571,-67.8362
YSM,Fort Smith Airport,Fort Smith,Canada,CA,60.0203,-111.962
YSQ,Songyuan Chaganhu Airport,Qian Gorlos Mongol Autonomous County,China,CN,44.9311,124.552
YTH,Thompson Airport,Thompson,Canada,CA,55.8011,-97.8642
YTS,Timmins/Victor M. Power,Timmins,Canada,CA,48.5697,-81.3767
YTY,Yangzhou Taizhou Airport,Yangzhou,China,CN,32.5634,119.72
YTZ,Billy Bishop Toronto City Airport,Toronto,Canada,CA,43.6279,-79.3955
YUL,Montreal / Pierre Elliott Trudeau International Airport,Montréal,Canada,CA,45.4678,-73.7423
YUM,Yuma International Airport / Marine Corps Air Station Yuma,Yuma,United States,US,32.6509,-114.609
YUS,Yushu Batang Airport,Yushu (Batang),China,CN,32.8364,97.0364
YUX,Hall Beach Airport,Sanirajak,Canada,CA,68.7761,-81.2425
YUY,Rouyn Noranda Airport,Rouyn-Noranda,Canada,CA,48.2061,-78.8356
YVB,Bonaventure Airport,Bonaventure,Canada,CA,48.0711,-65.4603
YVC,La Ronge Airport,La Ronge,Canada,CA,55.1514,-105.262
YVO,Val-d'Or Airport,Val-d'Or,Canada,CA,48.0533,-77.7828
YVP,Kuujjuaq Airport,Kuujjuaq,Canada,CA,58.0961,-68.4269
YVQ,Norman Wells Airport,Norman Wells,Canada,CA,65.2816,-126.798
YVR,Vancouver International Airport,Vancouver,Canada,CA,49.1939,-123.184
YVV,Wiarton Airport,Wiarton,Canada,CA,44.7458,-81.1072
YWG,Winnipeg / James Armstrong Richardson International Airport,Winnipeg,Canada,CA,49.91,-97.2399
YWK,Wabush Airport,Wabush,Canada,CA,52.9219,-66.8644
YWL,Williams Lake Airport,Williams Lake,Canada,CA,52.1831,-122.054
YXC,Cranbrook/Canadian Rockies International Airport,Cranbrook,Canada,CA,49.6108,-115.782
YXE,Saskatoon John G. Diefenbaker International Airport,Saskatoon,Canada,CA,52.1707,-106.701
YXH,Medicine Hat Regional Airport,Medicine Hat,Canada,CA,50.0189,-110.721
YXJ,Fort St John / North Peace Regional Airport,Fort Saint John,Canada,CA,56.2381,-120.74
YXK,Rimouski Airport,Rimouski,Canada,CA,48.4776,-68.4963
YXL,Sioux Lookout Airport,Sioux Lookout,Canada,CA,50.1139,-91.9053
YXS,Prince George (International) Airport,Prince George,Canada,CA,53.8843,-122.667
YXT,Northwest Regional Airport Terrace-Kitimat,Terrace,Canada,CA,54.4685,-128.576
YXU,London International Airport,London,Canada,CA,43.0328,-81.149
YXX,Abbotsford International Airport,Abbotsford,Canada,CA,49.0253,-122.361
YXY,Whitehorse / Erik Nielsen International Airport,Whitehorse,Canada,CA,60.7085,-135.066
YYA,Yueyang Sanhe Airport,Yueyang (Yueyanglou),China,CN,29.3117,113.282
YYB,North Bay Jack Garland Airport,North Bay,Canada,CA,46.3636,-79.4228
YYC,Calgary International Airport,Calgary,Canada,CA,51.1188,-114.01
YYD,Smithers Airport,Smithers,Canada,CA,54.8247,-127.183
YYE,Fort Nelson Airport,Fort Nelson,Canada,CA,58.8364,-122.597
YYF,Penticton Airport,Penticton,Canada,CA,49.4631,-119.602
YYG,Charlottetown Airport,Charlottetown,Canada,CA,46.2889,-63.1252
YYJ,Victoria International Airport,Victoria,Canada,CA,48.6472,-123.428
YYL,Lynn Lake Airport,Lynn Lake,Canada,CA,56.8639,-101.076
YYQ,Churchill Airport,Churchill,Canada,CA,58.7392,-94.065
YYR,Goose Bay Airport,Goose Bay,Canada,CA,53.3192,-60.4258
YYT,St. John's International Airport,St. John's,Canada,CA,47.6186,-52.7519
YYY,Mont Joli Airport,Mont-Joli,Canada,CA,48.6086,-68.2081
YYZ,Toronto Pearson International Airport,Toronto,Canada,CA,43.6759,-79.6294
YZF,Yellowknife International Airport,Yellowknife,Canada,CA,62.4628,-114.44
YZP,Sandspit Airport,Sandspit,Canada,CA,53.2543,-131.814
YZS,Coral Harbour Airport,Coral Harbour,Canada,CA,64.1933,-83.3594
YZT,Port Hardy Airport,Port Hardy,Canada,CA,50.6806,-127.367
YZU,Whitecourt Airport,Whitecourt,Canada,CA,54.1439,-115.787
YZV,Sept-Îles Airport,Sept-Îles,Canada,CA,50.2233,-66.2656
YZY,Zhangye Ganzhou Airport,Zhangye (Ganzhou),China,CN,38.8019,100.675
ZAD,Zadar Airport,Zadar,Croatia,HR,44.097,15.3536
ZAG,Zagreb Franjo Tuđman International Airport,Velika Gorica,Croatia,HR,45.7429,16.0688
ZAH,Zahedan International Airport,Zahedan,Iran,IR,29.4757,60.9062
ZAL,Pichoy Airport,Valdivia,Chile,CL,-39.65,-73.0861
ZAM,Zamboanga International Airport,Zamboanga,Philippines,PH,6.92242,122.06
ZAT,Zhaotong Zhaoyang Airport,Zhaotong,China,CN,27.2058,103.692
ZAZ,Zaragoza Airport,Zaragoza,Spain,ES,41.6662,-1.04155
ZBF,Bathurst Airport,South Tetagouche,Canada,CA,47.6297,-65.7389
ZBR,Chabahar Konarak International Airport,Konarak,Iran,IR,25.4432,60.3822
ZCL,General Leobardo C. Ruiz International Airport,Zacatecas,Mexico,MX,22.8949,-102.687
ZCO,La Araucanía International Airport,Temuco,Chile,CL,-38.9259,-72.6515
ZEL,Bella Bella (Campbell Island) Airport,Bella Bella,Canada,CA,52.185,-128.157
ZHA,Zhanjiang Wuchuan International Airport,Zhanjiang,China,CN,21.4817,110.59
ZHY,Zhongwei Shapotou Airport,Zhongwei (Shapotou),China,CN,37.5731,105.154
ZIA,Zhukovsky International Airport,Moscow,Russia,RU,55.5533,38.15
ZIG,Ziguinchor Airport,Ziguinchor,Senegal,SN,12.5556,-16.2833
ZIH,Ixtapa-Zihuatanejo International Airport,Ixtapa,Mexico,MX,17.6018,-101.461
ZIX,Zhigansk Airport,Zhigansk,Russia,RU,66.7965,123.361
ZKP,Zyryanka Airport,Zyryanka,Russia,RU,65.7485,150.889
ZLO,Playa de Oro International Airport,Manzanillo,Mexico,MX,19.1448,-104.559
ZMT,Masset Airport,Masset,Canada,CA,54.0275,-132.125
ZND,Zinder Airport,Zinder,Niger,NE,13.779,8.98376
ZNE,Newman Airport,Newman,Australia,AU,-23.4178,119.803
ZNZ,Abeid Amani Karume International Airport,Zanzibar,Tanzania,TZ,-6.22202,39.2249
ZOS,Cañal Bajo Carlos Hott Siebert Airport,Osorno,Chile,CL,-40.6112,-73.061
ZQN,Queenstown Airport,Queenstown,New Zealand,NZ,-45.0192,168.746
ZQZ,Zhangjiakou Ningyuan Airport,Zhangjiakou,China,CN,40.7387,114.933
ZRH,Zürich Airport,Zurich,Switzerland,CH,47.4581,8.54806
ZSA,San Salvador International Airport,San Salvador,Bahamas,BS,24.063,-74.5232
ZSE,Saint-Pierre Pierrefonds Airport,Saint-Pierre,Réunion,RE,-21.3194,55.4225
ZSJ,Sandy Lake Airport,Sandy Lake,Canada,CA,53.0642,-93.3444
ZTH,Zakynthos International Airport Dionysios Solomos,Zakynthos,Greece,GR,37.7509,20.8843
ZUH,Zhuhai Jinwan Airport,Zhuhai (Jinwan),China,CN,22.0064,113.376
ZYI,Zunyi Xinzhou Airport,Zunyi,China,CN,27.8107,107.247
ZYL,Osmany International Airport,Sylhet,Bangladesh,BD,24.964,91.8647
